;Reisetaetigkeit;Abteilung;KmZurArbeit;Ausbildung;Verdienst;KostensatzTag;Berufserfahrung;Position;AnzFirmen;ueberstunden;ProzentGehaltserhoehung;StandardHours;AktienOptionen;JahreBerufserfahrung;FortbildungProJahr;WorkLifeBalance;Firmenzugehoerigkeit;DauerLetzteFirmenzugehoerigkeit
0;50;2;1;2;5993;1102;2;1;8;1;11;80;0;8;0;1;6;4
1;100;1;8;1;5130;279;2;2;1;0;23;80;1;10;3;3;10;7
2;50;1;2;2;2090;1373;1;4;6;1;15;80;0;7;3;3;0;0
3;100;1;3;4;2909;1392;1;2;1;1;11;80;0;8;3;3;8;7
4;50;1;2;1;3468;591;1;4;9;0;12;80;1;6;3;3;2;2
5;100;1;2;2;3068;1005;1;4;0;0;13;80;0;8;2;2;7;7
6;50;1;3;3;2670;1324;1;4;4;1;20;80;3;12;3;2;1;0
7;50;1;24;1;2693;1358;1;4;1;0;22;80;1;1;2;3;1;0
8;100;1;23;3;9526;216;3;3;0;0;21;80;0;10;2;3;9;7
9;50;1;27;3;5237;1299;2;6;6;0;13;80;2;17;3;2;7;7
10;50;1;16;3;2426;809;1;4;0;0;13;80;1;6;5;3;5;4
11;50;1;15;2;4193;153;2;4;0;1;12;80;0;10;3;3;9;5
12;50;1;26;1;2911;670;1;2;1;0;17;80;1;5;1;2;5;2
13;50;1;19;2;2661;1346;1;4;0;0;11;80;1;3;2;3;2;2
14;50;1;24;3;2028;103;1;4;5;1;14;80;0;6;4;3;4;2
15;50;1;21;4;9980;1389;3;3;1;0;11;80;1;10;1;3;10;9
16;50;1;5;2;3298;334;1;2;0;1;12;80;2;7;5;2;6;2
17;0;1;16;2;2935;1123;1;4;1;1;13;80;2;1;2;2;1;0
18;50;2;2;4;15427;1219;4;5;2;0;16;80;0;31;3;3;25;8
19;50;1;2;3;3944;371;1;2;5;1;11;80;0;6;3;3;3;2
20;0;1;11;2;4011;673;2;3;0;0;18;80;1;5;5;2;4;2
21;50;2;9;4;3407;1218;1;8;7;0;23;80;0;10;4;3;5;3
22;50;1;7;4;11994;419;3;7;0;0;11;80;0;13;4;3;12;6
23;50;1;15;2;1232;391;1;2;1;0;14;80;0;0;6;3;0;0
24;50;1;6;1;2960;699;1;2;2;0;11;80;0;8;2;3;4;2
25;50;1;5;3;19094;1282;5;5;4;0;11;80;1;26;3;2;14;13
26;100;1;16;1;3919;1125;1;2;1;1;22;80;0;10;5;3;10;2
27;50;2;8;4;6825;691;2;1;0;0;11;80;1;10;2;3;9;7
28;50;1;7;4;10248;477;3;6;3;0;14;80;1;24;4;3;22;6
29;50;2;2;4;18947;705;5;5;3;0;12;80;0;22;2;2;2;2
30;50;1;2;3;2496;924;1;4;4;0;11;80;0;7;3;3;1;1
31;50;1;10;4;6465;1459;2;6;2;1;13;80;0;9;5;4;4;2
32;50;1;9;2;2206;125;1;4;1;0;13;80;0;10;5;3;10;0
33;50;2;5;3;2086;895;2;8;3;0;14;80;1;19;6;4;1;0
34;50;1;1;3;2293;813;1;2;2;1;16;80;1;6;2;2;2;0
35;50;1;2;2;2645;1273;1;2;1;0;12;80;2;6;3;2;5;3
36;50;2;3;2;2683;869;1;8;1;1;14;80;0;3;2;3;3;2
37;50;2;2;3;2014;890;1;8;1;0;13;80;0;2;3;3;2;2
38;50;1;5;4;3419;852;1;2;9;1;14;80;1;6;3;4;1;1
39;100;2;1;3;5376;1141;2;1;2;0;19;80;2;10;3;3;5;3
40;50;1;4;2;1951;464;1;4;1;0;12;80;1;1;3;3;1;0
41;50;1;2;4;2341;1240;1;4;1;0;13;80;1;1;6;3;1;0
42;50;1;25;3;2293;1357;1;4;1;0;12;80;0;1;2;2;1;0
43;100;2;8;3;8726;994;3;1;1;0;15;80;0;9;0;3;9;8
44;100;1;1;2;4011;721;2;4;1;0;23;80;0;12;2;3;12;8
45;50;1;12;3;19545;1360;5;7;1;0;12;80;0;23;0;3;22;15
46;0;2;23;4;4568;1065;2;1;0;0;20;80;0;10;2;3;9;5
47;50;1;19;2;3022;408;1;2;4;0;21;80;0;8;1;3;1;0
48;100;2;5;4;5772;1211;2;1;4;1;21;80;0;14;4;3;9;6
49;50;1;8;1;2269;1229;1;4;1;0;19;80;0;1;2;3;1;0
50;50;1;1;2;5381;626;3;4;9;1;13;80;0;23;2;3;1;0
51;50;1;5;4;3441;1434;1;4;1;1;13;80;0;2;3;2;2;2
52;50;2;1;5;5454;1488;2;1;5;1;21;80;1;9;2;2;4;3
53;0;1;11;2;9884;1097;3;6;2;1;13;80;1;10;3;3;4;0
54;50;2;23;3;4157;1443;2;1;7;1;19;80;1;5;2;2;2;2
55;100;1;1;2;13458;515;3;7;1;1;12;80;0;15;1;3;15;14
56;100;2;18;5;9069;853;3;1;1;0;22;80;1;9;3;2;9;8
57;50;1;23;4;4014;1142;1;4;3;1;15;80;1;4;3;3;2;2
58;50;1;7;4;5915;655;2;4;3;0;22;80;1;10;3;2;7;7
59;50;1;1;4;5993;1115;2;3;1;0;18;80;1;7;2;4;7;5
60;50;1;1;3;6162;427;2;3;1;1;22;80;1;9;3;3;9;8
61;100;1;29;5;2406;653;2;4;1;0;11;80;0;10;2;3;10;3
62;50;1;7;2;18740;989;5;7;5;1;12;80;1;29;2;2;27;3
63;50;2;25;3;7637;1435;3;1;7;0;11;80;0;28;3;2;21;16
64;50;1;8;3;10096;1223;3;6;1;0;13;80;3;17;2;3;17;14
65;50;1;8;3;14756;836;4;5;2;1;14;80;3;21;2;3;5;0
66;100;1;11;3;6499;1195;2;3;1;0;13;80;0;6;3;3;6;5
67;50;1;7;3;9724;1339;3;2;2;0;17;80;1;25;2;3;1;0
68;100;1;1;3;2194;664;1;2;4;0;13;80;1;5;2;2;3;2
69;50;1;9;3;3388;318;1;2;0;1;17;80;1;2;0;2;1;0
70;100;2;1;1;5473;1225;2;1;7;0;11;80;0;20;2;2;4;3
71;50;1;2;3;2703;1328;1;2;0;0;23;80;1;6;3;3;5;4
72;50;1;1;4;2501;1082;1;2;1;0;17;80;0;1;4;3;1;1
73;50;1;1;3;6220;548;2;2;1;0;17;80;2;10;3;3;10;4
74;50;1;6;3;3038;132;1;4;3;0;12;80;0;5;3;3;1;0
75;50;1;8;4;4424;746;2;3;1;0;23;80;0;11;2;3;11;7
76;50;2;1;4;4312;776;2;1;0;0;14;80;0;16;2;3;15;13
77;50;1;6;4;13245;193;3;7;4;1;14;80;0;17;3;4;0;0
78;50;1;7;4;13664;397;3;7;4;0;13;80;0;16;3;4;5;2
79;50;3;5;2;5021;945;2;9;8;1;22;80;1;16;2;3;4;2
80;50;1;1;1;5126;852;2;4;1;1;12;80;2;10;1;2;10;8
81;50;1;1;3;2859;1214;1;2;1;0;18;80;0;6;3;3;6;4
82;50;2;1;2;10239;111;3;1;3;0;14;80;1;24;4;3;1;0
83;0;1;6;3;5329;573;2;2;7;1;12;80;3;17;3;3;13;11
84;50;1;1;2;4325;1153;2;3;1;0;15;80;0;5;2;3;5;2
85;50;1;7;3;7260;1400;3;3;4;0;11;80;0;37;3;2;6;4
86;50;2;2;1;2322;541;1;8;3;0;13;80;1;3;3;3;0;0
87;50;1;9;4;2075;432;1;4;3;0;23;80;2;10;4;3;4;2
88;50;1;2;3;4152;288;2;6;1;0;19;80;3;11;3;3;11;10
89;50;2;9;2;9619;669;3;1;1;0;16;80;0;9;3;3;9;8
90;100;1;1;4;13503;530;4;6;1;0;22;80;1;22;3;2;22;3
91;50;2;21;4;5441;632;2;1;0;1;22;80;0;11;2;1;10;7
92;50;2;4;2;5209;1334;2;1;1;1;12;80;3;11;4;2;11;8
93;100;1;1;3;10673;638;3;6;2;1;13;80;1;21;5;2;10;9
94;50;2;6;4;5010;1093;2;1;1;0;16;80;0;12;0;3;11;8
95;50;1;2;4;13549;1217;3;7;9;0;12;80;1;16;5;1;4;3
96;50;2;3;2;4999;1353;2;1;0;0;21;80;1;4;2;2;3;2
97;0;2;4;3;4221;120;2;1;1;0;15;80;0;5;3;4;5;4
98;50;2;10;4;13872;682;4;1;0;0;13;80;0;38;1;2;37;10
99;0;1;23;3;2042;489;2;4;4;0;12;80;1;17;3;4;3;2
100;50;3;6;4;2073;807;1;9;4;1;22;80;0;7;3;3;3;2
101;50;1;1;1;2956;827;1;2;1;0;13;80;0;1;2;3;1;0
102;100;1;6;3;2926;871;1;4;1;1;18;80;0;1;5;3;1;0
103;50;1;6;4;4809;665;2;2;1;0;14;80;0;16;3;3;16;13
104;0;1;2;2;5163;1040;2;6;5;0;14;80;1;17;2;4;1;0
105;0;3;2;4;18844;1420;5;5;9;0;21;80;1;30;3;3;3;2
106;100;1;1;3;18172;1115;5;7;3;1;19;80;0;28;1;2;8;3
107;50;2;5;3;5744;240;2;1;1;1;11;80;0;6;1;3;6;4
108;50;1;7;1;2889;1280;1;2;1;0;11;80;2;2;2;3;2;2
109;50;1;15;3;2871;534;1;4;1;0;15;80;0;1;5;3;0;0
110;100;1;1;4;7484;1456;3;6;3;0;20;80;0;23;1;2;13;12
111;100;1;7;3;6074;658;2;4;1;1;24;80;0;9;3;3;9;7
112;0;3;26;3;17328;142;4;5;2;1;12;80;0;23;3;3;5;3
113;50;1;18;1;2774;1127;1;4;0;0;12;80;1;6;2;3;5;3
114;50;1;6;4;4505;1031;2;2;6;0;15;80;1;12;3;3;1;0
115;50;2;3;3;7428;1189;3;1;2;0;12;80;0;12;3;3;5;3
116;50;1;5;3;11631;1354;3;5;2;0;12;80;0;14;6;3;11;10
117;100;2;11;2;9738;1467;3;1;0;0;14;80;1;10;6;3;9;7
118;50;1;3;2;2835;922;1;4;5;0;22;80;1;7;2;3;1;0
119;100;2;26;2;16959;394;4;5;1;1;12;80;2;25;3;4;25;12
120;100;1;23;3;2613;1312;1;2;1;0;25;80;3;10;2;2;10;7
121;0;2;22;2;6146;750;2;1;0;0;13;80;1;8;2;4;7;7
122;50;1;14;4;4963;441;1;2;9;1;18;80;3;7;2;3;5;4
123;50;1;6;3;19537;684;5;7;7;0;13;80;0;23;5;3;20;18
124;50;2;6;4;6172;249;2;1;4;1;18;80;0;12;3;2;7;7
125;50;1;6;3;2368;841;1;2;1;0;19;80;0;5;3;2;5;4
126;50;1;23;4;10312;147;3;6;1;0;12;80;1;40;3;2;40;10
127;50;2;22;1;1675;528;1;8;1;1;19;80;0;0;2;2;0;0
128;50;1;2;1;2523;594;1;4;0;0;14;80;1;3;2;3;2;1
129;50;1;20;4;6567;470;2;3;1;0;14;80;0;16;2;2;15;11
130;100;1;28;3;4739;957;1;2;4;0;12;80;0;18;2;3;3;2
131;100;2;12;3;9208;809;3;1;4;0;11;80;0;16;3;3;2;2
132;50;2;20;3;4559;542;2;1;3;1;11;80;1;4;2;3;2;2
133;50;2;9;1;8189;802;3;1;3;1;13;80;1;12;2;3;9;7
134;50;3;25;1;2942;1355;1;9;1;0;23;80;1;8;3;3;8;7
135;50;1;6;2;4941;216;2;3;6;0;20;80;2;7;0;3;3;2
136;100;1;8;4;10650;1150;3;3;2;0;15;80;0;18;2;3;4;2
137;50;2;4;4;5902;1329;2;1;4;0;14;80;1;17;1;4;15;11
138;50;2;28;3;8639;959;2;1;2;0;18;80;0;6;3;3;2;2
139;50;3;9;3;6347;1240;2;9;0;1;19;80;0;12;2;1;11;9
140;50;1;9;3;4200;1033;1;4;7;0;22;80;0;10;2;4;5;4
141;50;1;29;3;3452;1316;1;2;5;0;13;80;0;9;2;2;6;5
142;50;1;3;5;4317;364;2;2;3;1;20;80;0;19;2;3;3;2
143;50;1;18;3;2632;438;1;2;1;0;14;80;0;5;4;2;5;4
144;100;2;9;2;4668;689;2;1;0;0;17;80;3;9;2;4;8;7
145;50;1;5;3;3204;201;1;2;5;0;14;80;1;8;3;3;3;2
146;50;1;2;1;2720;1427;1;4;0;0;13;80;0;6;3;3;5;3
147;100;1;10;3;17181;857;4;5;4;0;13;80;1;21;2;2;7;6
148;50;1;9;4;2238;933;1;4;2;0;21;80;1;7;2;3;5;0
149;50;1;3;1;1483;1181;1;4;1;0;14;80;0;1;3;3;1;0
150;100;1;26;3;5605;1395;2;2;1;0;11;80;1;20;2;3;20;7
151;50;2;1;5;7295;662;3;1;1;0;13;80;2;10;3;3;10;8
152;50;2;6;2;2306;1436;2;8;2;1;20;80;1;13;3;1;7;7
153;50;1;9;3;2348;194;2;4;8;0;18;80;1;20;2;1;17;9
154;100;2;8;3;8998;967;3;1;1;0;14;80;0;9;2;3;9;8
155;0;1;1;1;4319;1496;2;3;1;0;13;80;1;10;1;3;10;7
156;50;1;7;4;6132;1169;2;3;2;0;17;80;0;10;2;3;1;0
157;50;1;9;3;3346;1145;1;2;4;1;20;80;1;9;3;2;1;0
158;50;2;4;4;10855;630;3;1;7;0;11;80;1;15;2;2;12;11
159;100;2;2;4;2231;303;1;8;6;0;18;80;1;6;3;3;4;3
160;50;1;19;1;2323;1256;1;2;1;0;24;80;2;2;6;3;2;2
161;0;1;9;3;2024;691;1;2;6;0;18;80;1;6;1;1;2;2
162;50;1;21;3;2713;440;1;2;1;0;11;80;1;5;2;1;5;2
163;50;1;24;2;9439;334;3;6;3;1;16;80;1;12;2;1;5;3
164;0;1;3;3;2566;1450;1;2;1;1;15;80;1;1;2;2;1;1
165;50;1;11;3;19926;1452;5;5;3;0;15;80;0;21;5;3;5;4
166;50;1;14;3;2451;465;1;2;4;0;12;80;1;13;2;3;9;8
167;50;2;5;3;9419;1339;3;1;2;0;12;80;1;12;2;3;10;9
168;50;2;1;4;8686;702;2;1;4;0;22;80;0;12;2;4;8;3
169;50;1;6;5;3038;120;1;2;3;0;20;80;0;8;2;3;5;4
170;50;1;17;3;3058;1157;1;2;0;1;16;80;1;6;3;2;5;2
171;100;2;1;1;2325;602;1;8;0;0;21;80;0;1;5;4;0;0
172;100;1;3;2;2088;1480;1;4;4;0;12;80;0;13;3;2;8;7
173;0;1;9;3;3072;111;2;4;1;0;11;80;2;12;4;3;12;9
174;50;2;4;2;5006;1268;2;1;4;1;11;80;1;9;3;4;5;4
175;50;1;8;3;4257;713;1;2;4;1;18;80;1;19;3;3;2;2
176;50;1;2;3;2500;134;1;2;0;0;14;80;0;4;2;4;3;1
177;50;1;2;3;1102;303;1;4;1;0;22;80;0;1;3;2;1;0
178;50;2;1;2;10453;526;3;1;1;0;25;80;3;24;2;3;24;13
179;50;1;9;2;2288;1380;1;4;1;0;12;80;0;2;3;3;2;2
180;50;1;12;1;3929;140;1;2;8;1;23;80;1;7;0;3;4;2
181;50;1;27;2;2311;629;1;2;2;0;15;80;0;9;3;3;3;2
182;50;2;20;2;3140;1356;1;8;1;1;22;80;0;4;5;2;4;3
183;50;1;1;3;3690;328;1;4;2;0;15;80;1;5;2;2;3;2
184;50;1;13;2;4450;1084;2;3;1;0;11;80;2;5;3;3;4;2
185;50;1;14;3;2756;931;1;2;1;0;13;80;1;8;5;3;8;7
186;50;1;4;1;19033;989;5;5;1;0;14;80;1;21;2;3;20;8
187;50;1;14;4;18722;692;5;7;8;0;11;80;0;36;3;3;24;15
188;100;1;2;1;9547;1069;2;3;1;0;17;80;0;10;2;2;10;9
189;50;1;3;3;13734;313;4;6;3;0;18;80;0;21;6;3;7;7
190;50;1;1;4;19999;699;5;5;0;0;14;80;1;34;5;3;33;18
191;50;1;9;3;2279;894;1;2;1;0;16;80;0;7;2;2;7;7
192;50;1;23;2;5916;556;2;3;3;1;13;80;0;8;1;3;1;0
193;0;1;7;3;2089;1344;1;2;4;0;14;80;3;7;3;4;5;4
194;0;1;2;2;16792;1195;4;5;9;0;23;80;1;22;1;3;20;8
195;50;1;21;3;3564;290;1;2;1;1;12;80;1;8;3;2;8;7
196;100;1;2;3;4425;138;2;4;5;0;11;80;0;10;5;3;6;2
197;0;1;21;2;5265;926;2;3;2;0;16;80;1;11;5;3;5;3
198;50;1;2;4;6553;1261;2;3;9;0;14;80;0;14;3;3;1;0
199;50;1;29;3;6261;1084;2;3;3;0;18;80;1;9;3;1;7;7
200;100;1;1;1;4298;472;2;3;5;0;19;80;1;6;1;3;2;2
201;0;1;18;4;6804;1002;2;3;1;1;15;80;2;7;0;3;7;7
202;100;1;10;4;3815;878;1;2;1;1;17;80;1;5;4;4;5;3
203;50;1;19;2;2741;905;2;4;8;1;15;80;1;15;2;4;7;2
204;50;1;29;1;6673;1180;2;6;7;1;19;80;0;17;2;3;1;0
205;50;2;27;3;7639;121;3;1;1;0;22;80;3;10;3;2;10;4
206;50;1;5;3;2328;1136;1;2;1;1;16;80;1;4;2;2;4;2
207;100;1;18;1;2153;635;1;4;1;0;13;80;0;8;2;3;8;1
208;0;1;9;5;4876;1151;2;6;9;0;14;80;1;5;5;1;3;2
209;50;1;1;4;9396;644;3;6;7;0;16;80;1;17;3;3;4;2
210;50;2;4;4;10400;1045;3;1;1;0;11;80;0;14;2;2;14;8
211;0;1;1;1;8474;829;3;3;1;0;22;80;0;12;2;3;11;8
212;100;2;20;3;9981;1242;2;1;1;0;14;80;0;7;2;3;7;7
213;50;1;8;4;12490;1469;3;7;5;0;16;80;2;16;5;1;10;9
214;50;1;3;3;2657;1005;1;2;5;1;11;80;0;8;5;3;5;2
215;50;2;6;3;13591;896;3;5;3;1;18;80;0;16;3;3;1;0
216;100;2;26;4;6696;334;2;1;5;0;15;80;0;9;5;2;6;3
217;50;1;1;3;2058;992;1;2;0;0;14;80;0;7;1;2;6;2
218;0;2;6;3;8865;1052;3;1;6;0;12;80;0;23;2;3;19;7
219;50;2;3;3;5940;1147;2;1;2;0;14;80;1;16;4;3;6;2
220;50;1;5;2;5914;1396;2;4;8;0;16;80;0;16;3;4;13;11
221;50;1;4;4;2622;147;1;2;6;0;21;80;0;7;3;3;3;2
222;100;1;11;3;12185;663;3;7;1;1;14;80;3;10;1;3;10;8
223;50;2;3;3;10609;119;3;1;0;0;12;80;2;17;6;2;16;10
224;0;1;1;4;4345;979;2;3;0;0;12;80;1;6;2;3;5;4
225;50;1;3;3;2177;142;1;2;3;0;17;80;1;7;6;3;1;0
226;100;2;4;4;2793;319;1;8;4;0;17;80;1;13;2;3;9;8
227;100;2;1;1;7918;1413;3;1;1;0;14;80;1;11;5;3;11;10
228;100;2;1;3;8789;944;3;1;1;0;14;80;0;10;3;4;10;7
229;50;1;18;1;2389;896;1;2;1;1;13;80;0;4;3;2;4;3
230;50;1;2;3;3212;1323;1;4;7;0;15;80;0;6;3;2;2;2
231;50;1;4;2;19232;532;5;5;1;0;11;80;0;22;3;3;22;17
232;50;3;6;2;2267;818;1;9;8;0;17;80;0;7;2;2;2;2
233;50;2;1;4;19517;854;5;5;3;0;11;80;1;32;3;2;7;0
234;50;1;14;3;2436;813;1;4;5;1;13;80;1;8;2;1;5;4
235;50;2;16;3;16064;1034;4;5;5;1;22;80;1;22;3;3;17;13
236;50;1;2;2;2707;465;1;4;7;0;20;80;0;13;3;4;9;7
237;0;2;2;4;19068;771;5;5;1;1;18;80;0;33;2;4;33;7
238;50;2;4;2;3931;1401;1;8;2;0;11;80;1;6;5;3;4;3
239;50;1;1;3;3730;515;1;4;0;1;14;80;0;4;2;1;3;2
240;50;1;1;4;2232;1431;1;4;7;0;14;80;3;7;1;3;3;2
241;0;2;26;4;4465;976;2;1;0;0;18;80;0;4;2;3;3;2
242;50;1;19;2;3072;1411;2;2;2;0;16;80;2;17;2;2;1;0
243;50;1;24;2;3319;1300;2;2;1;0;17;80;2;9;3;3;9;8
244;50;1;1;3;19202;252;5;5;0;0;11;80;1;25;2;3;24;0
245;100;1;3;4;13675;1327;3;7;9;0;12;80;1;9;3;3;2;2
246;50;1;5;4;2911;832;1;2;1;0;13;80;1;2;2;2;2;2
247;50;1;2;4;5957;470;2;3;6;0;13;80;1;13;3;3;11;9
248;50;1;1;2;3920;1017;1;2;2;0;14;80;1;17;2;2;3;1
249;100;1;7;4;6434;1199;2;3;4;0;17;80;1;9;1;3;3;2
250;100;1;10;3;10048;504;3;3;6;0;11;80;2;17;5;3;1;0
251;100;1;2;4;10938;505;3;6;0;0;25;80;0;20;1;3;19;6
252;50;1;15;3;2340;665;1;2;1;0;19;80;0;6;1;3;6;5
253;50;1;17;2;6545;916;2;2;3;1;13;80;0;10;1;3;3;2
254;50;2;20;2;6931;1247;2;1;2;0;14;80;1;10;2;3;3;2
255;50;1;1;3;4898;685;2;3;0;0;12;80;2;5;3;3;4;2
256;50;1;2;3;2593;269;1;4;0;1;11;80;1;10;4;3;9;6
257;50;1;2;2;19436;1416;5;7;0;0;19;80;1;22;5;3;21;7
258;50;1;1;3;2723;833;1;2;1;0;11;80;0;1;0;2;1;0
259;100;1;29;2;3479;307;1;4;0;0;11;80;0;6;2;4;5;4
260;100;1;7;3;2794;1311;1;4;1;0;20;80;0;5;3;1;5;1
261;0;2;2;2;5249;1327;2;1;3;0;18;80;1;13;0;3;8;7
262;50;1;2;1;2176;128;2;4;4;0;13;80;0;9;5;3;6;2
263;50;2;2;3;16872;488;4;5;3;1;12;80;1;28;2;2;7;7
264;50;1;2;4;3485;529;1;4;2;0;11;80;0;5;5;1;0;0
265;50;2;2;3;6644;1210;2;1;2;0;19;80;2;10;2;3;0;0
266;50;1;23;3;5582;1463;2;6;0;0;21;80;1;10;2;3;9;0
267;0;1;5;2;4000;675;2;6;1;0;12;80;2;6;2;3;6;3
268;50;1;20;2;13496;1385;4;6;0;1;14;80;0;21;2;3;20;7
269;50;1;6;3;3210;1403;1;4;0;0;11;80;1;16;4;3;15;13
270;50;1;1;3;19045;452;5;5;0;1;14;80;0;37;2;3;36;10
271;0;1;29;4;11849;666;3;5;1;1;12;80;1;10;2;2;10;7
272;50;1;9;3;2070;1158;1;2;1;0;23;80;1;5;3;2;5;2
273;50;2;6;4;6502;228;2;1;4;0;14;80;1;7;5;4;5;4
274;50;1;3;2;3230;996;1;2;1;0;17;80;0;3;4;4;3;2
275;0;1;1;4;13603;728;3;7;2;1;18;80;2;15;2;3;5;2
276;50;1;22;3;11996;1315;3;5;7;0;18;80;1;10;6;2;7;7
277;50;2;7;2;5605;322;2;1;1;1;24;80;1;8;3;3;8;0
278;100;1;1;3;6397;1479;2;3;1;0;20;80;1;6;6;1;6;5
279;50;1;4;1;19144;797;5;7;3;0;14;80;2;28;4;2;10;4
280;50;1;3;4;17584;1070;4;7;3;1;16;80;3;21;5;2;5;3
281;50;2;1;1;4907;635;2;1;1;0;25;80;0;20;3;3;20;16
282;100;2;2;2;4554;442;2;1;1;0;18;80;0;10;3;2;10;7
283;50;1;20;2;5415;147;2;4;3;1;19;80;1;12;4;3;10;7
284;100;1;11;2;4741;496;2;6;1;1;13;80;1;5;3;3;5;3
285;50;1;1;3;2115;1372;1;2;1;0;12;80;0;17;3;3;17;12
286;100;1;24;3;3161;920;1;4;3;1;22;80;1;19;0;1;1;0
287;50;1;23;4;5745;688;2;6;9;0;14;80;1;10;2;3;2;2
288;50;1;16;4;2373;1449;1;4;2;1;13;80;1;5;2;3;3;2
289;50;1;8;2;3310;1117;1;2;1;0;21;80;0;5;3;3;5;3
290;100;1;10;4;18665;636;5;7;9;1;11;80;0;22;4;3;3;2
291;50;1;3;3;4485;506;2;2;4;0;12;80;0;10;2;3;8;0
292;100;2;5;3;2789;444;1;8;1;0;11;80;1;2;5;2;2;2
293;50;2;4;4;5828;950;2;1;1;1;12;80;0;8;0;3;8;7
294;100;1;9;3;2326;889;1;2;1;1;12;80;3;4;3;2;4;2
295;100;2;26;3;13525;555;4;1;5;0;14;80;1;23;2;4;20;4
296;50;1;3;3;1420;230;1;4;1;0;13;80;0;0;2;3;0;0
297;50;2;16;3;8020;1232;3;1;0;0;15;80;2;12;3;2;11;9
298;100;1;18;4;3688;566;1;4;4;0;18;80;2;4;2;3;1;0
299;50;1;2;3;5482;1302;2;3;5;0;18;80;1;13;3;3;4;1
300;50;2;2;4;16015;334;4;5;1;0;19;80;0;22;2;3;22;10
301;50;2;10;3;1200;812;1;8;1;0;12;80;0;0;2;3;0;0
302;50;1;16;2;5661;1476;2;6;0;0;19;80;0;9;2;3;8;3
303;50;2;7;3;6929;218;2;1;4;0;11;80;1;10;3;2;8;7
304;50;1;1;3;9613;1132;3;6;0;0;17;80;3;19;5;2;18;10
305;0;1;24;4;5674;1105;2;4;7;0;15;80;1;11;3;3;9;8
306;50;2;7;3;5484;906;2;1;1;0;14;80;1;13;3;2;13;8
307;50;1;25;2;12061;849;3;7;3;0;17;80;1;19;2;3;10;8
308;0;1;1;4;5660;390;2;6;2;1;13;80;1;12;2;3;5;3
309;50;1;5;4;4821;691;1;2;0;1;12;80;1;6;4;3;5;2
310;50;3;2;3;6410;106;2;9;3;0;12;80;0;9;1;3;2;2
311;100;1;7;3;5210;1249;3;4;1;0;18;80;1;24;2;3;24;9
312;50;1;2;4;2695;192;1;2;0;1;18;80;1;3;2;1;2;2
313;100;1;5;4;11878;553;3;5;6;0;11;80;2;12;2;3;10;6
314;50;1;10;1;17068;117;4;5;1;1;14;80;0;21;3;3;21;9
315;100;1;10;4;2455;185;1;4;0;0;19;80;0;9;5;3;8;7
316;50;1;1;2;13964;1091;4;6;7;1;12;80;0;25;2;3;7;1
317;50;1;8;4;4941;723;2;2;2;0;15;80;0;11;3;2;8;2
318;50;1;5;3;2478;1220;1;2;1;1;12;80;0;4;2;2;4;3
319;50;2;8;2;5228;588;2;1;1;1;11;80;0;13;2;3;13;12
320;50;2;2;3;4478;1377;2;1;1;1;11;80;0;5;3;3;5;4
321;50;2;7;3;7547;691;2;1;4;0;12;80;3;13;3;3;7;7
322;50;1;2;4;5055;1018;2;2;7;0;16;80;0;10;0;2;7;7
323;50;1;2;4;3464;1157;1;2;5;1;13;80;0;5;4;2;3;2
324;50;1;28;2;5775;1275;2;2;1;0;13;80;2;11;2;3;10;8
325;100;1;7;2;8943;798;3;3;1;0;24;80;1;10;2;3;10;9
326;100;1;7;2;19272;672;5;5;1;0;15;80;1;21;2;3;21;9
327;50;2;3;2;5238;1162;2;1;4;1;18;80;0;12;3;2;1;0
328;100;2;10;3;4682;508;2;1;3;0;14;80;0;9;6;2;7;7
329;50;1;5;5;18300;1482;5;7;4;0;11;80;1;21;2;3;3;2
330;100;1;10;4;5257;559;2;4;1;0;11;80;1;9;3;4;9;7
331;0;2;1;1;6349;210;2;1;0;1;13;80;1;6;0;3;5;4
332;100;1;20;4;4869;928;2;2;3;0;12;80;0;20;4;2;4;3
333;50;1;7;3;9985;1001;3;6;8;0;16;80;1;10;1;2;1;0
334;50;1;8;4;3697;549;2;2;9;0;14;80;2;12;3;3;10;9
335;50;2;1;2;7457;1124;2;1;2;1;22;80;3;6;2;2;4;3
336;50;1;8;4;2119;318;1;4;1;1;11;80;0;7;4;2;7;7
337;50;1;9;5;3983;738;1;4;0;0;17;80;0;4;2;3;3;2
338;50;2;5;3;6118;570;2;1;1;0;13;80;3;10;2;3;10;9
339;50;2;8;4;6214;1130;2;1;1;0;18;80;1;8;3;3;8;7
340;50;1;5;2;6347;1192;2;3;7;0;16;80;2;8;2;2;6;2
341;50;1;15;2;11510;343;3;7;0;1;14;80;1;12;3;3;11;10
342;50;1;7;4;7143;1232;3;3;1;1;14;80;0;11;2;2;11;9
343;50;2;10;1;8268;144;2;1;1;1;14;80;2;7;2;3;7;7
344;50;1;5;4;8095;1296;3;3;0;0;13;80;0;17;5;3;16;6
345;50;1;26;1;2904;1309;1;2;1;0;12;80;2;4;2;2;4;2
346;50;1;6;3;6032;483;2;3;6;1;15;80;0;8;3;3;5;4
347;100;2;4;1;2976;1309;2;8;3;0;19;80;0;5;3;3;0;0
348;50;1;23;5;15992;810;4;7;2;0;14;80;0;16;2;3;1;0
349;0;2;2;3;4649;746;2;1;1;0;14;80;1;4;3;2;4;3
350;50;3;2;1;2696;544;1;9;0;1;11;80;1;4;5;3;3;2
351;50;1;2;3;2370;1062;1;4;1;0;13;80;1;8;4;3;8;0
352;50;2;29;1;12504;530;3;5;3;0;21;80;1;15;3;1;0;0
353;50;1;6;3;5974;1319;2;2;4;1;13;80;2;13;2;3;7;7
354;0;2;25;2;4736;641;2;1;7;1;12;80;1;4;2;4;2;2
355;50;2;1;3;5296;933;2;1;1;0;17;80;1;8;3;3;8;7
356;50;1;2;4;6781;1332;2;6;3;0;23;80;0;14;6;3;1;0
357;100;2;1;1;2174;756;1;8;1;1;11;80;0;3;3;3;3;2
358;0;2;1;5;6653;845;2;1;4;0;15;80;0;7;6;3;1;0
359;100;2;3;4;9699;541;3;1;4;0;11;80;1;16;2;3;13;9
360;50;1;1;4;6755;593;2;6;2;0;11;80;0;15;2;3;3;2
361;50;1;10;4;2213;1171;1;4;3;1;13;80;1;10;3;3;7;7
362;0;2;9;2;2610;895;1;8;1;0;24;80;0;3;3;2;3;2
363;50;2;5;3;2851;350;1;8;1;1;13;80;0;1;2;3;1;0
364;50;1;10;3;3452;921;1;4;6;0;20;80;1;17;3;3;5;4
365;0;1;7;4;5258;1144;2;3;2;0;14;80;0;7;2;4;1;0
366;100;2;4;3;9355;143;2;1;1;0;18;80;0;8;5;3;8;7
367;50;1;10;3;10496;1046;3;6;6;0;15;80;0;20;2;3;4;3
368;50;2;22;2;6380;575;2;1;2;1;12;80;2;8;6;3;6;4
369;50;1;9;4;2657;408;1;2;0;1;16;80;0;3;5;3;2;2
370;50;2;12;3;2716;156;1;8;1;0;15;80;0;1;0;3;1;0
371;50;1;23;3;2201;1283;1;2;9;0;16;80;0;6;4;3;3;2
372;50;1;9;4;6540;755;2;6;9;0;19;80;0;10;5;3;1;1
373;50;1;1;2;3816;1469;1;4;1;0;11;80;1;5;2;3;5;2
374;50;2;9;4;5253;304;2;1;1;0;16;80;0;7;1;3;7;5
375;50;1;7;3;10965;1261;3;6;8;0;24;80;0;26;2;3;5;2
376;50;2;14;2;4936;1178;2;1;4;0;11;80;1;18;2;2;7;7
377;50;1;2;3;2543;329;1;2;4;0;13;80;1;6;3;3;2;2
378;0;2;19;3;5304;1362;2;1;8;1;13;80;0;9;3;2;5;2
379;50;1;2;3;16659;1311;4;5;2;1;13;80;0;30;2;3;5;4
380;50;2;10;4;4260;1371;2;1;1;1;12;80;1;5;2;4;5;2
381;50;2;2;1;2476;202;1;8;1;0;18;80;1;1;3;3;1;0
382;100;1;3;1;3102;575;1;2;0;0;22;80;0;7;2;3;6;4
383;50;1;11;3;2244;253;1;2;1;0;13;80;1;2;1;3;2;1
384;50;2;2;2;7596;164;3;1;1;0;13;80;2;10;2;3;10;9
385;100;1;4;3;2285;464;1;2;9;1;23;80;0;3;4;3;1;0
386;50;1;14;3;3034;1107;1;4;1;0;12;80;1;18;2;2;18;7
387;50;2;2;2;5715;759;2;1;7;0;12;80;2;8;5;3;5;4
388;50;1;1;4;2576;201;1;4;3;0;16;80;1;8;5;3;5;2
389;50;1;10;4;4197;1305;2;3;2;1;12;80;0;18;2;2;1;0
390;50;1;12;3;14336;982;4;7;1;0;11;80;1;25;3;3;25;10
391;50;1;2;3;3448;555;2;4;6;0;22;80;1;20;3;3;1;0
392;50;1;5;2;19406;821;5;7;4;0;11;80;1;24;4;2;4;2
393;0;2;4;4;6538;1381;2;1;9;0;15;80;1;6;3;3;3;2
394;50;1;7;2;4306;480;2;3;1;0;12;80;1;13;5;1;13;10
395;100;1;21;3;2258;313;1;4;7;0;20;80;1;8;1;3;3;2
396;50;1;8;4;4522;1473;2;6;4;1;14;80;0;8;3;3;5;2
397;50;2;4;2;4487;891;2;1;1;1;11;80;0;5;3;3;5;4
398;0;1;25;5;4449;1063;2;2;3;1;15;80;2;15;2;3;13;11
399;50;1;1;2;2218;329;1;4;1;0;12;80;1;4;3;3;4;2
400;100;1;1;1;19197;1218;5;5;1;1;14;80;1;21;3;3;21;8
401;100;2;6;3;13212;906;4;1;9;0;11;80;3;36;0;2;7;7
402;50;2;12;3;6577;1082;2;1;0;0;11;80;0;6;6;3;5;4
403;50;2;1;3;8392;645;3;1;1;0;16;80;1;10;2;3;10;7
404;50;1;17;2;4558;1300;2;4;1;0;12;80;1;10;2;3;10;0
405;50;1;3;3;4031;688;1;4;5;0;13;80;1;6;5;3;2;2
406;50;1;3;3;7969;319;3;3;2;1;14;80;0;28;4;3;5;4
407;50;1;10;2;2654;192;1;2;3;0;21;80;2;8;3;2;2;2
408;50;1;4;2;16555;1490;4;5;2;0;13;80;0;31;2;1;5;2
409;100;1;29;2;4556;532;2;2;2;0;11;80;1;19;3;3;5;4
410;50;1;2;3;6091;317;2;3;2;0;20;80;0;11;2;3;5;4
411;50;1;7;3;19566;422;5;5;5;0;11;80;0;33;5;1;29;8
412;50;1;18;3;4810;1485;2;3;2;0;14;80;1;19;5;2;10;7
413;100;1;28;4;4523;1368;2;6;0;0;11;80;3;7;4;4;6;5
414;50;2;1;1;3202;1448;1;8;1;1;16;80;0;6;4;3;5;3
415;100;2;6;2;2351;296;1;8;0;0;16;80;1;3;3;2;2;2
416;100;1;2;2;1702;1490;1;4;1;1;23;80;1;1;3;3;1;0
417;50;2;2;4;18041;1398;5;5;0;0;14;80;0;21;2;3;20;15
418;50;1;23;3;2886;1349;1;2;1;0;22;80;2;3;3;1;3;2
419;0;1;3;3;2097;1400;1;4;4;0;15;80;1;9;3;1;5;3
420;50;1;3;4;11935;986;3;7;1;0;18;80;0;10;2;3;10;2
421;50;1;25;5;2546;408;1;2;5;0;16;80;0;6;2;4;2;2
422;50;3;2;2;2564;489;1;9;1;0;12;80;0;1;3;4;1;0
423;0;2;22;4;8412;1398;3;1;0;0;11;80;0;10;3;3;9;8
424;50;2;29;3;14118;210;4;5;3;0;12;80;1;32;3;2;1;0
425;50;1;29;4;17046;1099;4;5;0;0;15;80;1;28;2;3;27;10
426;0;1;2;3;2564;1116;1;4;0;0;14;80;0;12;2;2;11;7
427;100;2;28;3;10266;1499;3;1;4;0;19;80;0;22;5;4;18;13
428;50;1;2;2;5070;983;2;3;5;0;13;80;3;20;2;3;5;0
429;50;1;2;3;17861;1009;4;7;6;0;13;80;0;26;2;1;3;2
430;50;1;22;3;4230;144;1;4;0;0;15;80;0;6;2;3;5;4
431;50;1;8;4;3780;548;2;4;7;0;11;80;0;19;3;3;1;0
432;50;1;2;4;2768;1303;1;2;3;0;12;80;1;14;3;3;7;3
433;50;2;10;3;9071;1125;3;1;2;1;19;80;1;15;3;3;3;2
434;50;1;9;1;10648;1274;3;3;1;0;25;80;1;13;6;4;13;8
435;50;1;15;1;13610;1277;3;5;7;1;12;80;0;15;2;4;7;6
436;50;1;10;1;3408;587;1;4;7;0;13;80;3;8;2;3;4;3
437;50;2;7;1;2983;413;1;8;0;0;14;80;0;4;3;3;3;2
438;50;1;16;3;7632;1276;3;6;4;1;12;80;0;10;2;3;8;7
439;100;1;20;3;9824;534;3;6;3;0;12;80;0;12;2;3;1;0
440;100;3;23;3;9950;988;3;9;9;1;15;80;3;11;2;3;3;2
441;100;1;5;2;2093;1474;1;4;4;0;17;80;1;8;4;3;2;2
442;0;2;10;4;9980;635;3;1;1;0;14;80;0;10;3;2;10;3
443;100;1;4;1;3894;1368;1;4;5;0;16;80;0;4;3;3;2;2
444;50;2;2;5;4051;163;2;1;2;0;14;80;1;14;2;3;9;7
445;50;2;18;5;16835;1117;4;5;3;0;23;80;0;37;2;3;10;9
446;0;2;10;2;6230;267;2;1;7;0;14;80;0;16;3;3;14;3
447;50;2;1;3;4717;619;2;1;9;0;11;80;0;15;2;3;11;9
448;50;1;6;3;13237;302;4;3;7;0;15;80;0;22;3;3;20;6
449;100;1;8;1;3755;443;1;4;1;0;11;80;1;8;3;3;8;3
450;50;2;2;1;6582;828;2;1;4;1;13;80;0;10;2;4;6;5
451;50;1;24;3;7406;319;3;3;1;1;21;80;1;10;5;2;10;9
452;50;2;2;3;4805;561;2;1;0;0;19;80;1;9;3;4;8;7
453;100;3;17;4;2741;426;1;9;0;1;11;80;1;8;2;2;7;7
454;50;1;19;3;4262;232;2;3;4;0;12;80;2;8;2;4;3;2
455;50;1;1;5;16184;922;4;7;4;0;19;80;1;10;2;3;6;1
456;50;2;7;3;11557;688;3;5;9;0;21;80;1;10;3;2;5;4
457;100;2;5;3;1878;1306;1;8;1;1;14;80;0;0;3;3;0;0
458;0;2;28;3;10932;1094;3;1;3;0;15;80;1;20;2;3;1;0
459;0;1;2;4;6811;509;2;6;2;1;17;80;0;10;3;3;8;7
460;50;2;29;2;4306;775;2;1;5;0;12;80;2;8;5;3;0;0
461;50;2;1;3;4859;195;2;1;1;0;16;80;0;5;3;3;5;4
462;50;2;21;4;5337;258;2;1;1;0;12;80;0;10;3;3;10;7
463;50;1;24;3;2340;471;1;4;1;1;18;80;0;1;3;1;1;0
464;50;1;1;3;7491;799;3;3;4;0;17;80;0;12;3;4;6;5
465;100;1;18;1;10527;1034;3;6;5;0;11;80;0;28;3;2;2;2
466;50;2;2;5;16595;1276;4;5;7;0;16;80;1;22;2;3;18;16
467;0;2;9;4;8834;142;3;1;1;0;13;80;1;9;6;3;9;5
468;50;1;6;2;5577;956;2;2;3;1;12;80;2;18;3;3;10;9
469;0;2;11;4;4707;1474;2;1;8;0;12;80;0;6;2;3;4;2
470;100;2;24;3;2400;535;1;8;0;0;13;80;2;3;3;3;2;2
471;50;1;10;3;9824;1495;2;6;3;0;19;80;1;18;4;3;1;0
472;50;1;1;4;6447;446;2;3;6;0;12;80;1;8;2;2;6;5
473;50;1;18;4;19502;1245;5;7;1;1;17;80;1;31;5;3;31;9
474;50;1;23;3;2725;691;1;2;1;1;11;80;2;6;3;3;6;5
475;50;2;28;2;6272;703;2;1;1;0;20;80;2;6;5;4;5;3
476;50;1;17;2;2127;823;1;4;1;0;21;80;1;1;2;3;1;0
477;100;3;3;3;18200;1246;5;5;1;0;11;80;1;32;2;3;32;5
478;50;2;13;1;2096;622;1;8;1;0;11;80;0;7;1;3;7;4
479;100;1;7;3;2886;1287;1;4;1;1;16;80;1;6;4;3;6;3
480;100;2;12;4;2033;448;1;8;1;0;18;80;1;1;2;4;1;0
481;50;1;1;2;3622;254;1;2;1;1;13;80;1;6;3;3;6;5
482;50;2;13;4;4233;1365;2;1;2;0;17;80;0;9;2;1;3;1
483;50;1;25;2;3681;538;2;4;4;0;14;80;0;9;3;3;3;2
484;50;2;6;4;5460;525;2;1;4;0;22;80;2;13;4;4;7;7
485;50;1;6;4;2187;798;1;2;0;0;12;80;2;6;5;2;5;3
486;50;2;2;3;9602;558;2;1;4;1;11;80;1;17;3;2;3;0
487;50;1;1;3;2836;959;1;2;1;0;13;80;0;1;0;4;1;0
488;50;1;2;4;4089;622;2;6;1;0;13;80;2;10;4;3;10;2
489;50;1;6;4;16627;782;4;7;4;1;14;80;1;21;3;2;1;0
490;50;1;1;1;2619;362;1;2;3;0;17;80;0;8;3;2;0;0
491;100;1;9;5;5679;1001;2;4;3;1;13;80;1;10;3;3;8;7
492;50;1;1;4;15402;1236;4;5;7;0;11;80;1;21;3;1;3;2
493;50;3;1;4;5985;1112;2;9;4;0;11;80;0;10;1;4;2;2
494;50;2;14;3;2579;204;1;8;1;1;18;80;2;8;3;3;8;2
495;50;2;2;1;3041;1420;1;8;0;0;11;80;1;5;3;3;4;3
496;50;2;22;1;3447;1343;1;8;1;0;11;80;0;3;2;3;3;2
497;50;1;3;4;19513;1315;5;5;4;1;12;80;1;26;2;4;2;2
498;50;1;6;1;2773;604;1;2;0;0;20;80;0;3;3;3;2;2
499;50;2;8;4;7104;1216;2;1;0;0;12;80;0;6;3;3;5;0
500;50;1;9;4;6322;646;2;2;1;1;12;80;1;6;2;2;6;4
501;100;1;3;3;2083;160;1;2;1;0;20;80;1;1;2;3;1;0
502;50;2;1;1;8381;238;2;1;7;0;20;80;0;18;2;4;14;7
503;50;1;1;5;2691;1397;1;2;1;0;12;80;1;10;4;2;10;9
504;100;2;26;4;4286;306;2;1;2;0;14;80;2;5;4;3;1;1
505;50;1;6;3;2659;991;1;4;1;1;13;80;1;3;2;3;3;2
506;50;1;3;3;9434;482;3;3;1;0;15;80;1;10;2;3;10;7
507;50;2;3;2;5561;1176;2;1;1;0;14;80;1;6;5;2;6;0
508;50;1;6;4;6646;1017;2;2;1;0;13;80;0;17;3;3;17;11
509;100;1;6;3;7725;1296;2;6;3;0;23;80;1;15;2;1;13;11
510;50;3;19;4;10725;397;3;9;2;0;15;80;1;16;1;4;9;7
511;50;1;9;2;8847;913;2;3;2;1;11;80;1;13;2;3;3;2
512;50;1;3;4;2045;1115;1;2;0;0;13;80;0;5;0;3;4;2
513;50;1;10;1;1009;1362;1;2;1;1;11;80;0;1;5;3;1;0
514;100;1;3;3;3348;1076;1;2;1;1;11;80;0;10;3;3;10;8
515;0;1;3;3;1281;727;1;4;1;0;18;80;2;1;3;3;1;0
516;50;1;4;3;2819;885;1;2;2;0;16;80;1;5;3;4;3;2
517;50;2;8;3;4851;810;2;1;0;0;22;80;1;4;4;3;3;2
518;50;2;7;4;4028;243;2;1;0;0;20;80;0;8;2;3;7;7
519;100;1;1;4;2720;806;1;2;1;0;18;80;1;10;5;3;10;7
520;50;2;2;1;8120;817;2;1;3;0;12;80;0;12;3;3;2;2
521;100;2;3;1;4647;1410;2;1;1;1;20;80;2;6;3;3;6;5
522;50;1;10;2;4680;1225;1;2;3;0;17;80;0;4;2;3;1;0
523;50;1;28;1;3221;1207;1;4;1;1;11;80;3;20;3;3;20;8
524;50;1;9;3;8621;1442;3;6;1;0;14;80;0;9;3;4;8;7
525;50;2;3;2;4577;693;2;1;9;0;14;80;0;4;3;3;2;2
526;50;1;2;4;4553;408;2;6;1;0;11;80;0;20;4;3;20;7
527;50;2;10;3;5396;929;2;1;1;0;12;80;0;10;2;2;10;7
528;100;2;8;2;6796;562;2;1;3;1;14;80;1;18;4;3;4;3
529;50;1;1;4;7625;827;2;6;0;0;13;80;0;10;4;2;9;7
530;50;1;1;2;7412;608;3;3;1;0;11;80;0;9;3;3;9;7
531;50;1;3;2;11159;1018;3;7;3;0;15;80;0;10;6;3;7;7
532;50;2;14;4;4960;703;2;1;2;0;12;80;0;20;2;3;7;7
533;100;2;5;4;10475;580;3;1;5;1;21;80;1;20;2;3;18;13
534;50;1;7;3;14814;970;4;7;3;0;19;80;0;32;3;3;5;1
535;50;3;10;4;19141;427;5;5;3;0;15;80;3;23;2;2;21;6
536;50;2;16;4;5405;1179;2;1;8;0;14;80;0;10;1;3;2;2
537;100;1;10;2;8793;294;3;3;1;0;21;80;2;9;4;2;9;7
538;50;3;1;3;19189;314;5;5;1;0;12;80;1;22;3;3;22;7
539;50;2;8;4;3875;316;1;8;7;0;15;80;1;4;2;3;2;2
540;50;1;1;2;2216;654;1;2;7;1;13;80;0;10;4;3;7;7
541;0;1;8;3;11713;427;3;7;9;0;14;80;1;10;2;3;8;7
542;50;1;1;3;7861;168;3;3;4;1;14;80;0;10;4;4;1;0
543;0;1;24;3;3708;381;1;4;2;0;14;80;0;9;5;3;5;2
544;100;2;3;3;13770;217;4;1;9;1;12;80;2;28;2;2;22;2
545;50;2;27;5;5304;501;2;1;7;0;23;80;1;10;2;2;8;7
546;50;2;10;3;2642;1396;1;8;1;0;11;80;0;1;6;3;1;0
547;100;1;19;3;2759;933;1;2;6;1;12;80;0;7;2;3;2;2
548;100;2;15;3;6804;775;2;1;3;0;18;80;1;7;5;3;2;2
549;50;1;8;2;6142;970;2;6;3;0;11;80;0;10;2;3;5;1
550;50;1;9;1;2500;650;1;4;1;0;14;80;1;5;2;4;4;3
551;50;3;3;3;6389;141;2;9;9;0;15;80;1;12;3;1;8;3
552;50;1;9;3;11103;832;4;6;7;0;11;80;0;30;1;2;10;7
553;50;1;2;1;2342;804;1;2;0;1;20;80;0;5;2;2;4;2
554;50;1;7;3;6811;975;2;6;8;0;19;80;0;9;2;1;7;6
555;50;2;10;3;2297;1090;1;8;1;0;14;80;2;2;2;3;2;2
556;50;1;6;3;2450;346;2;4;2;0;17;80;0;19;4;3;2;2
557;0;1;2;4;5093;1225;2;6;2;0;11;80;1;16;2;4;1;0
558;100;1;24;4;5309;430;2;4;1;0;15;80;2;10;2;3;10;8
559;50;1;2;5;3057;268;1;2;6;1;13;80;1;6;0;1;1;0
560;50;1;8;5;5121;167;2;3;3;0;14;80;1;7;3;3;0;0
561;50;2;3;4;16856;621;4;5;1;0;11;80;0;34;3;4;34;6
562;50;1;1;4;2686;527;1;2;1;1;13;80;0;10;2;2;10;9
563;50;2;26;1;6180;883;2;1;1;0;23;80;0;6;5;2;6;5
564;50;2;2;2;6632;954;2;8;0;0;13;80;0;9;3;3;8;7
565;50;1;10;1;3505;310;1;2;1;0;18;80;0;2;3;3;2;2
566;100;2;27;2;6397;719;2;1;4;1;12;80;0;8;2;3;5;4
567;50;2;2;3;6274;304;2;1;1;0;22;80;0;6;5;3;6;5
568;50;1;2;3;19859;725;5;5;5;1;13;80;1;24;2;3;5;2
569;0;2;8;4;7587;1434;3;1;1;0;15;80;0;10;1;3;10;7
570;0;1;19;4;4258;715;1;2;0;0;18;80;1;5;3;3;4;3
571;100;1;1;2;4364;575;1;4;3;0;14;80;1;5;2;3;2;2
572;50;1;27;3;4335;657;2;6;4;0;12;80;1;11;3;2;8;7
573;50;2;8;3;5326;1146;2;1;6;0;17;80;0;6;2;2;4;3
574;50;1;1;4;3280;182;1;2;2;0;16;80;0;10;2;3;4;2
575;50;1;19;4;5485;376;2;3;9;1;11;80;2;9;4;3;5;3
576;100;2;8;1;4342;829;2;1;0;0;19;80;1;5;3;3;4;2
577;50;1;10;1;2782;571;1;2;0;1;13;80;2;6;3;2;5;3
578;100;1;2;4;5980;240;2;3;6;1;12;80;0;17;2;3;15;7
579;50;1;2;4;4381;121;1;2;1;0;11;80;0;6;3;3;6;5
580;50;2;8;4;2572;384;1;8;1;0;16;80;1;3;1;2;3;2
581;50;1;1;3;3833;921;1;4;3;0;21;80;2;7;2;3;2;2
582;100;1;2;2;4244;791;2;6;1;0;24;80;1;8;2;3;8;7
583;50;2;8;2;6500;1111;2;1;5;0;17;80;1;6;1;3;3;2
584;100;1;8;3;18430;570;5;5;1;0;13;80;1;24;4;2;24;7
585;50;1;6;3;1601;1243;1;4;1;1;21;80;2;1;2;3;0;0
586;0;1;9;3;2694;1092;1;4;1;0;11;80;3;1;4;3;1;0
587;50;1;11;4;3149;1325;2;4;8;0;20;80;1;9;3;3;5;2
588;50;1;2;3;17639;691;4;7;5;0;16;80;0;30;3;3;4;3
589;50;1;1;2;2319;805;1;4;1;1;11;80;1;1;1;3;1;0
590;50;1;7;3;11691;213;3;7;0;0;11;80;0;14;3;4;13;9
591;50;2;16;3;5324;118;2;1;5;0;15;80;0;6;3;3;3;2
592;50;1;2;2;16752;202;4;5;1;1;11;80;1;26;3;2;26;14
593;50;1;1;3;5228;676;2;3;0;0;15;80;1;10;2;3;9;7
594;50;1;23;2;2700;1252;1;2;1;0;24;80;1;10;3;3;10;7
595;50;1;2;4;19246;286;5;7;7;1;12;80;0;40;2;3;31;15
596;50;1;1;4;2506;1258;1;2;3;0;13;80;0;7;0;3;2;2
597;50;1;1;2;6062;932;2;3;9;1;13;80;1;8;4;3;4;3
598;50;1;2;4;4382;890;1;2;6;0;17;80;0;5;3;2;2;2
599;50;3;13;3;2143;1041;1;9;4;0;13;80;1;8;2;3;5;2
600;50;1;4;3;6162;859;2;3;1;0;12;80;1;14;3;3;14;13
601;100;1;16;4;5094;720;2;4;6;0;14;80;0;10;6;3;1;0
602;50;1;2;3;6877;946;2;3;5;1;24;80;0;12;4;2;0;0
603;50;1;2;3;2274;252;1;2;1;0;14;80;0;1;3;3;1;0
604;50;1;29;3;4434;933;2;3;1;0;13;80;1;10;3;2;9;8
605;100;1;12;3;6288;471;2;6;2;0;15;80;1;13;3;2;4;3
606;100;1;16;4;2553;702;1;2;1;0;16;80;0;6;3;3;5;2
607;50;2;11;3;7654;1184;3;1;1;0;18;80;2;9;3;4;9;8
608;50;2;2;1;5160;436;2;1;4;0;16;80;0;12;3;2;9;7
609;50;1;14;2;17159;589;4;7;6;0;24;80;1;22;3;3;4;1
610;50;1;5;1;12808;269;3;7;1;1;16;80;1;9;3;3;9;8
611;50;1;7;3;10221;950;3;3;3;0;21;80;0;17;3;4;8;5
612;50;2;2;4;4779;760;2;1;1;1;20;80;0;8;2;3;8;7
613;50;3;3;2;3737;829;1;9;0;0;19;80;1;4;1;1;3;2
614;100;1;5;2;2366;887;1;2;1;1;14;80;1;8;2;3;8;7
615;0;1;3;3;1706;443;1;2;1;0;11;80;3;0;6;2;0;0
616;50;2;26;4;16307;1318;4;5;2;0;14;80;1;29;2;2;20;6
617;50;1;4;3;5933;625;2;6;9;0;12;80;0;10;2;2;5;2
618;50;1;2;1;3424;180;1;2;7;0;13;80;0;6;3;2;4;3
619;50;2;1;3;4037;586;2;1;1;0;22;80;1;9;5;3;9;8
620;50;1;27;1;2559;1343;1;2;1;0;11;80;0;6;3;2;6;5
621;50;2;1;2;6201;928;2;1;1;1;14;80;1;18;1;2;18;14
622;50;2;13;4;4403;117;2;1;2;0;11;80;1;8;3;2;5;2
623;100;1;5;4;3761;1012;1;2;9;0;12;80;1;10;3;2;5;4
624;50;2;7;2;10934;661;3;1;7;1;18;80;1;35;3;3;5;2
625;50;2;9;3;10761;930;3;1;4;1;12;80;1;18;2;3;5;4
626;50;1;8;2;5175;638;2;2;5;0;12;80;1;9;3;2;5;3
627;100;1;25;4;13826;890;4;3;3;0;22;80;0;31;3;3;9;8
628;50;2;16;4;6334;342;2;1;4;0;19;80;2;9;2;3;1;0
629;50;3;8;2;4936;1169;1;9;1;0;13;80;1;6;6;3;5;1
630;50;1;1;2;4775;1230;2;3;6;0;22;80;2;4;2;1;2;2
631;50;1;8;4;2818;986;1;4;2;1;24;80;1;10;2;2;3;2
632;100;1;2;1;2515;1271;1;2;5;1;14;80;0;8;2;3;2;1
633;50;3;8;3;2342;1278;1;9;0;0;21;80;0;6;3;3;5;4
634;50;2;3;1;4194;141;2;1;1;1;18;80;0;5;3;3;5;3
635;50;1;9;3;10685;607;3;3;1;1;20;80;1;17;2;3;17;14
636;100;1;25;4;2022;130;1;2;1;1;19;80;1;10;3;2;10;2
637;0;1;1;3;2314;300;1;4;0;0;12;80;1;4;2;3;3;0
638;50;2;4;1;4256;583;2;1;1;0;12;80;0;5;1;4;5;2
639;50;1;1;3;3580;1418;1;2;2;0;16;80;1;7;2;3;4;2
640;0;1;4;1;3162;1269;1;4;0;0;17;80;0;6;2;2;5;2
641;100;2;5;2;6524;379;2;1;1;0;14;80;1;10;3;3;10;8
642;50;2;9;3;2899;395;1;8;0;0;19;80;1;3;3;3;2;2
643;50;1;3;3;5231;1265;2;4;2;1;13;80;1;17;1;2;5;3
644;50;1;11;4;2356;1222;1;2;3;1;19;80;1;8;2;3;6;4
645;50;2;1;3;2800;341;1;8;6;1;19;80;3;5;3;3;3;2
646;50;2;8;3;11836;868;4;1;5;0;14;80;1;28;3;3;2;0
647;50;1;25;3;10903;672;3;3;3;0;16;80;0;16;2;3;13;10
648;100;2;21;2;2973;1231;1;8;5;0;15;80;1;10;3;3;5;4
649;50;1;23;4;14275;102;4;7;6;0;18;80;0;33;0;3;12;9
650;100;1;1;3;5562;422;2;6;4;0;13;80;1;12;2;2;5;2
651;50;2;2;2;4537;249;2;1;0;1;22;80;1;8;2;3;7;6
652;0;2;19;2;7642;1252;3;1;1;1;13;80;0;10;2;3;10;0
653;0;1;2;4;17924;881;4;5;1;0;11;80;1;31;3;3;31;6
654;50;3;2;3;5204;1383;2;9;8;0;11;80;2;13;2;3;5;4
655;50;3;3;2;2277;1075;1;9;3;1;11;80;1;7;4;4;4;3
656;50;1;25;4;2795;374;1;4;1;1;24;80;0;1;2;1;1;0
657;50;1;7;1;2532;1086;1;4;6;0;14;80;3;8;5;3;4;3
658;50;1;9;2;2559;661;1;2;1;1;13;80;0;8;0;3;8;7
659;50;2;5;4;4908;821;2;1;1;0;14;80;0;4;3;3;4;2
660;100;1;2;1;2380;781;1;4;9;1;14;80;1;3;3;2;1;0
661;50;1;8;3;4765;177;2;3;4;0;21;80;1;4;2;4;1;0
662;50;2;2;3;2044;500;1;8;1;0;13;80;0;2;3;2;2;2
663;50;1;18;1;2693;1427;1;2;1;0;19;80;0;1;3;2;1;0
664;50;1;14;1;6586;1425;2;6;0;1;17;80;1;17;2;2;16;8
665;50;2;2;4;3294;1454;1;8;1;1;18;80;0;3;3;2;3;2
666;50;1;3;1;4171;617;2;3;0;1;19;80;1;4;3;4;3;2
667;50;1;2;4;2778;1085;1;4;4;1;13;80;1;10;1;2;7;7
668;50;1;9;3;2377;995;1;2;5;0;18;80;1;6;2;3;2;2
669;50;1;6;3;2404;1122;1;4;7;1;21;80;0;8;2;1;2;2
670;50;1;4;3;2318;618;1;2;1;0;19;80;0;1;2;3;1;1
671;50;1;10;3;2008;546;1;4;1;0;14;80;2;1;3;3;1;0
672;50;2;14;2;6244;462;2;1;7;0;17;80;0;10;6;3;5;4
673;50;1;1;4;2799;1198;1;2;3;1;11;80;0;6;1;3;3;2
674;50;1;5;3;10552;1272;3;6;2;1;13;80;1;24;3;3;6;0
675;50;2;7;4;2329;154;1;8;3;0;15;80;0;13;2;4;7;7
676;50;1;21;1;4014;1137;2;6;1;1;25;80;1;10;2;1;10;6
677;50;1;8;2;7403;527;3;4;4;0;11;80;1;29;3;2;26;9
678;50;1;20;4;2259;1469;1;2;4;0;17;80;2;13;2;2;0;0
679;0;2;20;2;6932;1188;2;1;1;0;13;80;1;9;2;2;9;8
680;50;1;7;4;4678;188;1;2;2;0;18;80;0;8;6;3;6;2
681;50;1;1;3;13582;1333;3;7;1;0;13;80;1;15;3;3;15;12
682;0;1;1;3;2332;1184;1;4;6;0;20;80;0;5;3;3;3;0
683;50;2;19;2;2413;867;1;8;1;1;18;80;3;1;2;3;1;0
684;50;2;10;4;9705;658;3;1;2;0;12;80;1;11;2;2;1;0
685;100;2;1;3;4294;1283;2;1;1;0;12;80;0;7;2;3;7;7
686;50;1;6;3;4721;263;1;4;2;1;13;80;0;20;3;3;18;13
687;50;1;2;4;2519;938;1;4;4;0;21;80;0;16;6;3;11;8
688;50;2;21;3;2121;419;1;8;1;1;13;80;0;1;3;4;1;0
689;50;1;4;3;2973;129;1;4;1;0;19;80;0;1;2;3;1;0
690;50;1;12;3;5855;616;2;6;0;1;11;80;2;10;2;1;9;7
691;100;1;9;4;3617;1469;1;2;8;1;14;80;1;3;2;3;1;1
692;50;1;3;4;6725;498;2;3;1;0;12;80;1;8;2;4;8;7
693;50;2;3;1;10325;530;3;1;1;1;11;80;1;16;6;3;16;7
694;50;1;1;3;6949;1069;2;6;0;0;14;80;0;6;3;3;5;0
695;50;2;1;4;10609;625;3;1;5;0;11;80;0;17;2;1;14;1
696;0;1;4;2;4447;805;2;4;1;0;12;80;0;9;5;2;9;7
697;100;2;20;3;2157;1404;1;8;1;0;15;80;1;3;5;3;3;1
698;50;2;18;3;4601;1219;2;1;1;0;16;80;0;5;3;3;5;2
699;50;1;1;2;17099;1053;4;5;2;0;15;80;1;26;2;2;9;8
700;50;1;2;3;2479;289;1;2;4;0;24;80;0;7;4;3;1;0
701;50;2;2;2;14852;1376;4;5;6;0;13;80;1;22;3;4;17;13
702;50;2;8;2;7264;231;3;1;5;0;11;80;1;10;2;4;8;4
703;0;2;10;3;5666;152;2;1;1;1;13;80;0;6;1;3;5;3
704;50;2;3;4;7823;882;3;1;6;0;13;80;1;12;2;3;10;9
705;50;2;2;5;7880;903;3;1;0;0;18;80;0;9;3;3;8;7
706;0;2;24;3;13194;1479;4;1;4;1;16;80;0;22;2;2;1;0
707;100;1;16;4;5067;1379;2;3;1;1;19;80;0;20;3;4;19;10
708;0;2;8;4;5079;1229;2;1;4;0;13;80;2;12;3;3;7;7
709;0;1;9;2;2321;335;1;2;0;1;22;80;0;4;0;3;3;2
710;0;2;17;3;17444;722;4;5;1;0;11;80;0;10;2;3;10;8
711;50;1;10;3;2404;906;1;2;6;1;20;80;0;3;5;3;0;0
712;50;1;13;1;3452;461;1;2;3;0;18;80;0;5;4;3;3;2
713;50;1;1;4;2270;974;1;4;3;0;14;80;2;8;2;3;5;3
714;50;1;1;2;17399;1126;4;7;9;0;22;80;1;32;1;2;5;4
715;100;1;1;4;5488;827;2;6;1;1;13;80;1;6;2;3;6;5
716;100;1;9;3;19419;840;5;7;2;0;17;80;1;21;2;4;18;16
717;50;1;16;4;2811;1134;1;4;9;0;14;80;1;4;2;3;2;2
718;0;1;23;2;3633;248;2;4;1;1;15;80;1;9;2;3;9;8
719;50;2;4;2;4163;955;2;1;1;1;17;80;0;9;0;3;9;0
720;50;1;22;3;2132;138;1;2;4;1;11;80;0;7;2;3;5;2
721;50;1;24;3;13973;939;4;3;3;1;18;80;1;22;2;3;12;11
722;100;1;10;1;2684;1391;1;2;0;0;17;80;1;3;0;2;2;1
723;50;1;7;2;10845;566;3;3;6;0;13;80;1;13;3;3;8;7
724;50;1;17;1;4377;1206;2;3;1;0;15;80;2;5;6;3;4;2
725;50;1;14;4;3743;622;1;4;1;1;24;80;1;5;2;1;4;2
726;100;1;1;1;4148;853;2;3;1;0;12;80;1;4;1;3;4;3
727;0;1;5;2;1051;287;1;2;1;0;15;80;0;0;2;3;0;0
728;50;1;17;3;10739;1441;3;3;8;0;11;80;1;22;2;3;10;7
729;50;1;25;4;10388;583;3;6;1;1;11;80;1;16;3;2;16;10
730;50;1;8;2;11416;153;3;7;0;1;12;80;3;9;4;2;8;7
731;50;1;11;3;2600;1097;1;2;1;1;15;80;0;1;2;3;1;0
732;100;1;5;3;2422;109;1;4;0;0;17;80;0;4;3;3;3;2
733;50;1;2;2;5472;1066;2;3;1;0;12;80;0;8;2;3;8;7
734;50;1;8;1;2451;217;1;4;1;0;15;80;1;4;3;2;4;3
735;50;1;6;3;4240;277;2;6;2;0;13;80;0;19;0;3;2;2
736;50;1;4;4;10999;1355;3;6;7;0;14;80;0;27;3;3;15;11
737;50;1;7;2;5003;549;2;3;6;0;14;80;0;8;6;3;2;2
738;50;1;1;1;12742;466;4;3;1;0;16;80;1;21;3;3;21;6
739;50;1;2;4;4227;1055;2;3;0;0;18;80;1;4;2;3;3;2
740;50;1;10;3;3917;802;1;4;1;0;20;80;1;3;4;2;3;2
741;50;2;5;2;18303;265;5;5;6;0;13;80;0;21;3;4;1;0
742;50;1;9;3;2380;804;1;4;4;0;18;80;0;8;5;3;1;0
743;50;1;2;3;13726;715;4;3;3;1;13;80;0;30;4;3;5;3
744;50;1;11;2;4777;1141;2;6;5;0;15;80;0;15;2;1;1;0
745;100;1;18;4;6385;135;2;6;3;1;14;80;2;17;3;3;8;7
746;0;1;7;1;19973;247;5;7;1;0;22;80;2;21;3;3;21;16
747;50;2;3;4;6861;1035;2;1;8;1;12;80;0;19;1;3;1;0
748;0;2;29;2;4969;265;2;1;8;0;18;80;0;7;6;3;2;2
749;50;2;2;1;19845;266;5;5;1;0;15;80;1;33;3;3;32;14
750;50;2;28;3;13320;1448;4;1;3;1;18;80;1;23;2;3;12;11
751;0;2;1;3;6347;145;2;1;0;0;12;80;1;19;3;3;18;7
752;50;1;16;4;2743;885;1;4;1;0;16;80;0;18;1;3;17;13
753;100;1;22;3;10880;945;3;3;1;1;13;80;0;21;2;3;21;6
754;0;2;8;1;2342;1038;1;8;0;0;19;80;0;3;2;2;2;2
755;50;2;11;2;17650;1234;4;5;3;0;13;80;1;26;4;4;9;3
756;0;1;29;4;4025;1109;1;4;9;0;12;80;0;10;2;3;8;7
757;50;2;1;4;9725;216;2;1;0;0;11;80;1;16;2;2;15;1
758;50;2;1;2;11904;1089;3;5;3;1;14;80;1;14;1;1;6;4
759;50;3;24;4;2177;788;1;9;1;0;16;80;0;6;3;3;6;3
760;100;2;2;3;7525;124;3;1;2;0;12;80;1;30;2;3;15;7
761;50;1;15;3;4834;660;2;4;7;0;14;80;1;9;3;2;1;0
762;100;1;2;3;2042;342;1;2;6;1;14;80;1;6;2;3;3;2
763;50;2;10;4;2220;1333;1;8;1;1;19;80;1;1;2;3;1;1
764;50;2;10;1;1052;1144;1;8;1;0;22;80;0;1;5;3;1;0
765;100;1;3;4;2821;1186;1;2;3;0;16;80;1;8;2;3;2;2
766;50;1;2;4;19237;1464;5;7;2;1;11;80;1;29;2;2;8;1
767;50;1;3;3;4107;124;2;6;3;0;15;80;0;8;3;2;4;3
768;50;2;26;3;8396;300;2;1;1;0;14;80;1;8;3;2;7;7
769;100;1;1;1;2007;921;1;2;1;0;13;80;2;5;5;3;5;3
770;50;1;1;4;19627;430;5;7;9;0;17;80;2;23;0;3;2;2
771;50;2;2;4;10686;1082;3;1;6;0;11;80;1;13;4;3;9;4
772;100;1;9;3;2942;1240;1;2;2;0;19;80;1;18;4;3;5;4
773;50;1;12;5;8858;796;3;3;0;0;11;80;0;15;2;2;14;8
774;0;1;2;1;16756;444;4;5;7;0;15;80;0;31;3;4;9;7
775;50;2;25;3;10798;415;3;1;5;0;13;80;1;18;5;3;1;0
776;100;2;9;3;2323;769;1;8;1;1;14;80;0;2;3;3;2;2
777;50;1;10;3;1416;1334;1;4;1;0;13;80;0;1;6;2;1;0
778;50;1;8;4;4615;1003;2;2;8;1;23;80;3;19;2;3;16;13
779;50;1;4;4;2461;1323;1;2;9;1;12;80;3;18;2;4;10;0
780;0;1;24;2;8722;1366;3;6;1;0;12;80;0;10;2;2;10;7
781;50;1;1;2;3955;192;1;4;1;0;16;80;2;6;2;3;5;3
782;50;1;20;3;9957;1176;2;3;0;0;15;80;1;7;1;2;6;2
783;50;1;7;2;3376;509;1;2;1;0;13;80;0;10;3;3;10;6
784;50;1;17;1;8823;330;3;6;0;0;18;80;1;20;4;2;19;9
785;50;1;20;4;10322;1492;3;6;4;0;20;80;1;14;6;3;11;10
786;0;1;8;5;4621;1277;1;4;1;0;19;80;3;3;4;3;3;2
787;100;1;2;1;10976;1091;3;3;3;0;18;80;1;23;4;3;3;2
788;50;1;10;3;3660;857;2;2;3;0;13;80;0;10;4;4;8;7
789;50;3;1;2;10482;1376;3;9;9;0;14;80;1;24;1;3;20;6
790;50;1;5;3;7119;654;3;6;4;0;15;80;1;9;2;3;3;2
791;50;2;4;3;9582;1204;3;1;0;1;22;80;0;9;2;3;8;7
792;100;1;29;4;4508;827;2;2;1;0;22;80;0;14;4;3;13;7
793;50;1;15;2;2207;895;1;4;1;0;16;80;1;4;5;2;4;2
794;100;1;3;1;7756;618;2;6;0;0;17;80;0;7;1;2;6;2
795;50;2;10;4;6694;309;2;1;2;1;14;80;3;8;5;3;1;0
796;50;1;4;1;3691;1219;1;4;1;1;15;80;1;7;3;4;7;7
797;50;1;21;3;2377;1330;1;4;1;0;20;80;1;1;0;2;1;1
798;50;1;25;3;2313;1017;1;2;4;1;20;80;0;5;0;3;2;2
799;50;1;2;2;17665;469;4;5;0;0;17;80;1;23;3;3;22;6
800;100;1;1;3;2596;1009;1;4;1;0;15;80;2;1;2;3;1;0
801;100;2;1;4;4728;959;2;1;3;1;14;80;0;5;4;3;0;0
802;100;2;7;3;4302;970;2;1;0;0;17;80;1;4;3;3;3;2
803;0;1;3;4;2979;697;1;2;3;0;17;80;3;6;2;3;0;0
804;0;1;1;4;16885;1262;4;5;2;0;22;80;0;27;3;2;5;4
805;0;2;9;4;5593;1050;2;1;1;0;13;80;1;15;2;3;15;10
806;50;1;7;4;10445;994;3;6;7;0;19;80;0;18;4;3;8;6
807;50;2;10;4;8740;770;3;1;0;1;14;80;2;9;2;3;8;7
808;50;1;28;4;2514;1107;1;2;4;0;22;80;1;11;1;3;7;5
809;50;1;3;3;7655;950;3;3;0;0;17;80;3;10;3;2;9;7
810;50;2;3;1;17465;406;4;5;3;0;12;80;1;23;3;3;12;9
811;50;2;2;2;7351;130;3;1;7;0;16;80;0;10;2;3;1;0
812;100;1;27;3;10820;1082;3;3;8;0;11;80;1;18;1;3;8;7
813;100;1;2;3;12169;203;4;6;7;0;11;80;3;21;4;3;18;7
814;50;1;14;3;19626;1308;5;7;1;0;14;80;0;21;2;4;20;7
815;50;1;1;1;2070;984;1;2;1;1;11;80;0;2;6;4;2;2
816;0;1;9;3;6782;439;2;4;9;0;15;80;0;9;2;2;5;4
817;0;1;18;4;7779;217;2;3;2;0;20;80;0;18;0;3;11;9
818;100;2;20;3;2791;793;1;8;0;0;12;80;1;3;4;3;2;2
819;50;1;2;1;3201;1451;1;2;0;0;17;80;0;6;2;1;5;3
820;100;2;11;2;4968;1182;2;1;1;0;11;80;1;5;3;3;5;2
821;50;2;8;4;13120;174;4;1;6;0;17;80;1;22;3;3;9;8
822;100;1;2;2;4033;1003;2;3;2;0;11;80;0;5;3;2;3;2
823;100;1;10;3;3291;490;1;2;0;0;14;80;2;8;2;2;7;5
824;50;1;29;3;4272;188;2;4;4;0;19;80;0;16;3;3;1;0
825;50;1;8;1;5056;718;2;3;1;1;15;80;1;10;2;2;10;7
826;50;3;1;3;2844;433;1;9;1;0;13;80;1;7;2;4;7;6
827;100;1;6;3;2703;773;1;2;1;1;14;80;1;3;2;3;3;1
828;0;1;8;1;1904;247;1;4;1;0;12;80;0;0;0;3;0;0
829;50;2;9;4;8224;603;2;1;0;1;17;80;0;6;3;3;5;2
830;50;1;12;4;4766;167;1;4;3;1;11;80;1;6;4;3;1;0
831;100;1;15;3;2610;874;1;4;1;0;12;80;1;2;5;2;2;2
832;50;1;25;2;5731;367;2;6;7;0;13;80;2;9;2;3;6;2
833;50;1;6;3;2539;199;1;2;1;0;13;80;1;4;0;3;4;2
834;50;2;9;1;5714;1400;2;1;1;0;20;80;0;6;3;2;6;5
835;50;3;8;4;4323;528;1;9;1;0;17;80;0;6;2;1;5;4
836;50;2;23;1;7336;408;3;1;1;0;13;80;1;11;3;1;11;8
837;100;1;9;4;13499;593;3;7;9;0;17;80;0;20;3;2;18;7
838;100;2;12;3;13758;481;4;1;0;1;12;80;0;22;2;2;21;9
839;50;2;4;4;5155;647;2;1;7;0;13;80;0;9;3;4;6;4
840;50;1;1;4;2258;982;1;4;6;0;12;80;1;10;2;3;8;0
841;50;1;24;3;3597;477;1;4;8;0;22;80;0;6;2;3;4;3
842;50;1;12;1;2515;1485;1;4;1;1;11;80;0;1;4;2;1;1
843;50;1;3;4;4420;1384;1;4;1;0;22;80;1;8;2;3;8;7
844;50;2;10;3;6578;852;2;1;1;0;18;80;1;10;3;3;10;3
845;100;1;26;2;4422;902;2;2;3;1;13;80;1;16;3;1;1;1
846;50;1;2;3;10274;819;3;3;2;0;18;80;1;15;2;4;7;7
847;100;1;1;3;5343;669;2;6;0;0;20;80;0;14;3;3;13;9
848;100;1;4;4;2376;636;1;4;1;0;13;80;1;2;2;4;2;2
849;50;2;9;3;5346;1372;2;1;8;0;13;80;0;7;2;2;4;3
850;0;2;2;1;2827;862;1;8;1;0;12;80;3;1;3;3;1;0
851;50;1;4;4;19943;718;5;5;4;0;13;80;1;28;2;3;5;2
852;50;1;6;1;3131;1401;1;4;1;0;13;80;1;10;5;3;10;8
853;50;1;9;2;2552;645;1;2;1;0;25;80;0;1;4;3;1;1
854;50;1;7;3;4477;1457;1;2;4;1;19;80;1;7;2;2;3;2
855;50;1;1;3;6474;977;2;3;1;0;13;80;1;14;2;2;14;8
856;50;1;3;3;3033;805;1;4;1;0;12;80;0;2;2;2;2;2
857;50;1;10;4;2936;1097;1;2;1;1;11;80;0;6;4;3;6;4
858;50;1;7;2;18606;1223;5;5;3;0;18;80;1;26;6;3;7;7
859;50;1;15;1;2168;942;1;2;0;1;18;80;1;6;2;2;5;4
860;100;1;3;4;2853;1256;1;2;0;1;11;80;1;1;5;3;0;0
861;50;2;2;3;17048;1402;4;5;8;0;23;80;0;28;2;3;26;15
862;0;1;17;3;2290;111;1;2;2;0;13;80;0;6;3;3;0;0
863;50;3;2;3;3600;147;1;9;1;0;13;80;1;5;2;3;5;4
864;0;1;5;2;2107;906;1;2;6;0;17;80;1;5;2;1;1;0
865;50;2;29;4;4115;1329;2;1;8;0;19;80;3;8;3;3;4;3
866;100;2;2;4;4327;1184;2;1;5;0;12;80;3;5;2;3;0;0
867;100;1;2;3;17856;1421;4;5;2;0;22;80;1;32;3;3;2;2
868;50;1;19;4;3196;1179;1;4;1;0;12;80;3;6;2;3;6;5
869;50;1;15;2;19081;1450;5;7;5;0;11;80;1;25;2;3;4;2
870;50;2;17;4;8966;1361;2;1;3;1;15;80;3;15;2;3;7;7
871;50;1;17;2;2210;984;1;4;1;0;13;80;1;1;3;1;1;0
872;100;2;25;3;4539;1146;2;1;1;0;12;80;1;10;3;2;10;7
873;50;1;6;4;2741;917;1;4;1;0;14;80;1;7;4;3;7;7
874;50;1;7;4;3491;853;2;4;1;0;13;80;3;10;4;2;10;7
875;50;1;29;4;4541;200;2;2;1;0;25;80;0;20;3;3;20;11
876;50;2;21;3;2678;654;1;8;1;0;17;80;0;2;2;3;2;1
877;50;1;2;4;7379;150;2;3;2;0;11;80;1;12;3;2;6;3
878;0;3;2;5;6272;179;2;9;7;0;16;80;1;10;3;4;4;3
879;50;2;7;4;5220;696;2;1;0;1;18;80;1;12;3;3;11;7
880;100;1;13;3;2743;116;1;4;1;0;20;80;1;2;2;3;2;2
881;100;1;2;2;4998;1316;2;2;4;1;14;80;0;10;2;3;8;7
882;50;1;1;3;10252;363;3;3;2;1;21;80;1;17;2;3;7;7
883;50;1;9;3;2781;117;1;2;0;0;13;80;1;15;5;3;14;10
884;50;2;10;3;6852;107;2;1;7;0;12;80;1;7;2;4;5;1
885;50;2;10;4;4950;1356;2;1;0;0;14;80;0;5;4;3;4;3
886;50;1;1;3;3579;1465;1;2;0;1;21;80;1;12;2;3;11;9
887;100;1;26;5;13191;458;3;7;3;1;17;80;0;20;6;3;1;0
888;0;2;8;2;10377;1212;3;1;4;1;11;80;1;16;6;2;13;2
889;50;1;14;3;2235;1103;1;2;1;1;14;80;2;9;3;2;9;7
890;100;1;1;4;10502;966;3;3;7;0;17;80;1;33;2;1;5;4
891;50;1;2;1;2011;1117;1;2;1;0;13;80;1;10;5;3;10;5
892;0;1;10;3;1859;504;1;2;1;1;25;80;0;1;2;4;1;1
893;50;1;1;3;3760;1010;1;2;1;0;15;80;3;3;5;3;3;2
894;50;1;3;3;17779;685;4;7;3;0;14;80;0;36;2;3;10;9
895;50;1;11;2;6833;1332;2;6;1;1;12;80;0;6;2;2;6;5
896;50;1;24;3;6812;1062;2;6;1;0;19;80;0;10;2;3;10;9
897;50;2;3;3;5171;326;2;1;5;0;17;80;0;13;2;3;6;1
898;50;1;3;3;19740;920;5;7;3;0;14;80;1;25;2;3;8;7
899;50;1;4;2;18711;1098;5;5;2;0;13;80;1;23;2;4;1;0
900;100;1;3;3;3692;469;1;2;1;0;12;80;0;12;2;2;11;10
901;50;1;2;2;2559;969;1;4;5;0;11;80;0;7;4;2;1;0
902;50;1;4;2;2517;1167;1;2;1;0;11;80;3;5;2;3;5;3
903;50;1;7;3;6623;1329;2;6;1;1;11;80;2;6;2;3;6;0
904;50;1;1;3;18265;715;5;7;6;0;12;80;0;25;3;4;1;0
905;50;1;1;3;16124;694;4;7;3;0;14;80;2;9;2;2;7;7
906;50;1;20;3;2585;1320;1;2;0;0;17;80;0;2;5;2;1;0
907;50;2;5;3;18213;1099;5;5;7;0;11;80;1;26;5;3;22;9
908;50;2;10;5;8380;536;3;1;0;1;14;80;2;10;3;3;9;8
909;50;1;25;3;2994;265;1;2;1;1;12;80;0;1;2;3;1;0
910;50;1;1;2;1223;373;1;2;1;0;22;80;1;1;2;3;1;0
911;100;2;24;1;1118;599;1;8;1;1;14;80;0;1;4;3;1;0
912;50;1;4;2;2875;583;1;2;1;1;20;80;0;8;2;2;8;5
913;50;2;2;3;18824;1449;5;5;2;1;16;80;0;26;2;3;24;10
914;0;1;8;1;13577;177;4;6;1;1;15;80;1;34;3;3;33;9
915;100;1;10;2;2625;251;1;4;1;0;20;80;0;2;2;1;2;2
916;50;2;4;2;18789;168;5;5;2;0;14;80;1;26;2;3;11;4
917;50;2;2;3;4538;131;2;1;0;1;12;80;0;4;3;3;3;2
918;100;2;9;3;19847;237;5;5;4;1;24;80;1;31;5;2;29;10
919;50;1;18;4;10512;1429;3;3;6;0;12;80;0;25;6;2;9;7
920;100;1;19;3;4444;135;2;4;4;0;13;80;2;15;2;4;11;8
921;100;1;1;4;2154;791;1;4;0;1;11;80;0;5;2;2;4;2
922;50;1;4;2;19190;1199;5;5;1;0;14;80;2;26;4;2;25;9
923;100;3;11;3;4490;648;2;9;4;0;11;80;2;14;5;4;10;9
924;50;1;6;1;3506;735;1;2;0;1;14;80;0;4;3;3;3;2
925;50;1;7;4;2372;603;2;2;6;1;16;80;0;18;2;3;1;0
926;50;2;4;4;10231;531;3;1;3;0;14;80;0;23;3;4;21;7
927;50;1;2;4;5410;429;2;3;9;1;11;80;0;18;2;3;16;14
928;50;1;15;3;7978;621;3;6;1;0;11;80;1;10;2;3;10;7
929;100;1;2;3;3867;193;1;4;1;1;12;80;1;2;2;3;2;2
930;100;1;6;2;2838;968;1;4;0;0;14;80;0;8;6;2;7;0
931;0;1;9;2;4695;879;2;3;7;1;18;80;0;10;3;3;8;4
932;50;1;7;3;3339;806;1;4;3;1;13;80;2;10;2;3;7;7
933;50;1;1;3;2080;640;1;2;2;0;11;80;0;5;2;2;3;2
934;50;1;1;3;2096;266;1;2;1;0;18;80;0;2;3;2;2;2
935;50;2;8;3;6209;604;2;1;1;0;15;80;2;10;4;4;10;7
936;100;1;25;3;18061;364;5;5;3;0;22;80;0;22;4;3;0;0
937;50;1;13;4;17123;412;4;5;6;1;13;80;2;21;4;3;19;9
938;50;1;23;4;2372;848;1;2;1;0;12;80;2;2;3;3;2;2
939;50;1;7;2;4883;1089;2;4;1;0;18;80;1;10;3;3;10;4
940;50;1;23;3;3904;360;1;2;0;0;13;80;0;6;2;3;5;2
941;50;1;6;3;4627;1138;2;4;0;0;12;80;1;10;6;3;9;2
942;50;1;10;4;7094;325;3;6;3;0;12;80;0;10;0;3;7;7
943;50;3;1;2;3423;991;1;9;6;0;12;80;0;10;3;4;7;6
944;0;1;1;3;6674;1476;2;4;0;0;11;80;3;10;6;3;9;8
945;50;1;28;3;16880;1322;4;7;4;1;11;80;0;25;2;3;3;2
946;50;2;25;4;9094;299;3;1;2;1;12;80;0;9;2;3;5;4
947;50;2;5;3;8446;1030;3;1;9;1;19;80;0;10;2;2;8;7
948;50;1;17;4;11916;634;3;5;1;1;23;80;2;9;2;3;9;1
949;50;1;18;2;4534;524;2;3;0;0;11;80;0;9;6;3;8;7
950;0;2;2;4;9852;587;3;1;1;1;19;80;1;10;5;2;10;8
951;0;2;10;2;6151;256;2;1;1;0;13;80;0;19;4;3;19;2
952;100;2;1;3;2302;1060;1;8;1;1;11;80;0;3;2;4;3;2
953;50;1;3;3;2362;935;1;4;4;0;12;80;0;10;4;4;3;2
954;0;1;2;1;17861;495;4;5;0;1;13;80;0;21;3;2;20;8
955;50;1;2;2;19187;282;5;5;4;0;14;80;1;23;5;3;19;9
956;50;3;8;4;19717;206;5;5;6;0;14;80;0;36;4;3;7;3
957;0;1;16;2;3544;458;1;2;9;0;16;80;1;6;0;3;4;2
958;50;1;9;3;8500;943;3;6;0;0;11;80;1;10;0;2;9;7
959;50;1;2;3;4661;523;2;2;1;0;13;80;0;9;4;3;9;8
960;100;2;1;3;4103;1018;2;1;0;0;17;80;1;10;2;3;9;3
961;100;1;4;4;4249;482;2;2;1;1;11;80;0;9;3;3;9;6
962;50;3;5;3;14026;770;4;5;1;1;11;80;1;33;2;3;33;9
963;50;2;2;2;6893;1009;2;1;3;0;15;80;1;11;3;3;7;7
964;50;2;15;2;6125;507;2;1;1;0;12;80;0;10;6;4;10;8
965;50;1;19;1;3669;882;1;4;3;0;11;80;3;7;6;2;3;2
966;50;1;7;4;10008;601;3;3;7;1;14;80;0;31;0;2;10;9
967;50;1;1;4;2387;329;1;4;3;0;22;80;1;7;3;3;4;2
968;100;2;7;3;4639;607;2;1;2;0;16;80;1;17;2;2;15;7
969;50;1;4;3;7898;855;3;3;1;0;11;80;0;11;2;3;10;9
970;50;2;11;3;2534;1291;1;8;8;0;14;80;1;5;4;3;1;0
971;50;1;11;2;13142;1405;4;3;3;0;16;80;0;29;1;2;5;2
972;0;1;1;3;1611;1124;1;4;1;0;15;80;0;0;5;4;0;0
973;50;1;1;3;5363;817;2;4;0;0;12;80;1;10;0;3;9;7
974;100;2;2;1;5071;793;2;1;3;0;20;80;0;8;3;3;6;2
975;50;2;13;4;13695;267;4;1;6;1;17;80;0;24;2;2;19;7
976;50;1;23;3;13402;1369;4;3;4;1;12;80;1;33;0;3;19;16
977;0;1;26;1;2029;999;1;2;1;0;20;80;3;5;2;3;5;4
978;50;1;2;1;6377;1202;2;6;5;0;20;80;3;15;0;3;12;11
979;50;1;29;3;5429;285;2;4;4;0;13;80;2;10;1;3;8;7
980;100;2;2;3;2785;703;1;8;7;0;14;80;0;3;3;4;1;0
981;100;2;18;4;4614;662;2;1;0;1;18;80;1;5;0;2;4;2
982;100;1;7;3;2610;693;1;2;1;0;11;80;3;4;2;3;4;2
983;50;1;2;4;6687;404;2;6;1;0;11;80;0;14;2;4;14;11
984;50;2;26;3;4724;736;2;1;1;0;11;80;1;5;0;3;5;3
985;50;1;22;4;6179;330;2;3;1;1;15;80;2;10;3;2;10;2
986;50;2;21;4;6120;1498;2;1;3;1;12;80;2;8;2;4;5;4
987;100;2;2;3;10596;541;3;1;2;0;11;80;0;14;5;3;4;2
988;100;1;22;3;5467;1200;2;2;3;1;14;80;2;12;4;2;6;2
989;50;1;4;1;2996;1439;1;2;7;1;15;80;0;8;2;3;6;4
990;100;2;5;1;9998;1111;2;1;6;0;13;80;0;8;2;4;5;4
991;50;2;2;1;4078;499;2;1;0;1;13;80;3;4;3;2;3;2
992;0;1;25;2;10920;1485;3;6;3;0;21;80;1;13;2;3;6;4
993;50;2;18;1;6232;1372;2;1;2;0;11;80;0;6;3;2;3;2
994;100;1;28;2;13247;322;4;3;2;1;11;80;1;24;3;2;5;3
995;50;1;6;3;4081;930;2;2;1;1;14;80;0;20;3;1;20;7
996;50;2;10;3;5769;205;2;1;1;1;11;80;0;6;3;3;6;2
997;50;1;17;4;2394;135;1;2;1;1;13;80;0;8;2;3;8;2
998;50;1;2;1;3904;683;1;2;0;0;12;80;0;5;2;3;4;3
999;50;3;10;3;16799;1147;4;5;0;0;14;80;1;21;5;3;20;7
1000;50;1;8;4;2950;258;1;4;9;0;13;80;0;12;2;1;5;4
1001;50;1;11;3;3629;1462;1;4;4;0;18;80;0;8;6;3;3;2
1002;100;1;18;2;9362;200;3;3;2;0;11;80;0;10;2;3;2;2
1003;50;1;1;3;3229;949;1;4;4;0;11;80;1;7;2;2;3;2
1004;50;1;7;3;3578;652;1;4;0;0;12;80;0;8;2;3;7;7
1005;50;3;17;3;7988;332;3;9;1;0;13;80;0;10;3;2;10;9
1006;100;1;28;2;4284;1475;2;4;3;0;20;80;0;20;2;3;4;3
1007;100;1;14;1;7553;337;3;6;0;1;12;80;0;9;1;3;8;7
1008;50;1;1;3;17328;971;4;7;6;0;19;80;0;29;3;2;20;7
1009;50;1;1;3;19701;1055;5;7;3;1;21;80;1;32;3;3;9;8
1010;50;1;1;4;14732;1136;4;7;2;0;13;80;2;31;4;4;7;7
1011;50;2;3;4;9278;1174;2;1;3;1;16;80;0;15;3;3;5;4
1012;100;2;1;4;1359;667;1;8;1;0;12;80;0;1;3;3;1;0
1013;50;2;7;4;4779;855;2;1;7;0;14;80;2;8;3;3;3;2
1014;50;1;8;5;16422;182;4;7;3;0;11;80;0;9;3;4;3;2
1015;100;1;1;4;2996;560;1;2;5;0;14;80;2;10;2;3;4;3
1016;50;1;8;3;1261;202;1;2;1;0;12;80;0;1;3;4;1;0
1017;50;1;11;1;2099;1377;1;4;0;0;14;80;0;6;3;4;5;0
1018;50;1;4;4;5810;172;2;4;1;0;16;80;0;10;2;2;10;4
1019;50;2;16;4;5647;329;2;1;4;0;13;80;2;11;3;2;3;2
1020;50;1;1;3;3420;465;1;2;7;0;12;80;1;17;2;2;6;5
1021;50;2;9;2;4400;383;1;8;3;0;12;80;0;6;2;3;3;2
1022;0;1;5;2;3500;1413;1;4;0;0;14;80;0;7;2;1;6;5
1023;50;1;1;2;2066;1255;1;2;2;0;22;80;1;5;3;4;3;2
1024;50;1;2;4;17169;359;4;7;3;0;19;80;2;26;2;4;20;17
1025;50;2;4;1;4162;1476;2;1;1;1;12;80;2;5;3;3;5;4
1026;50;2;7;5;9204;601;2;1;4;0;12;80;1;7;3;2;4;3
1027;50;1;1;3;3294;401;1;4;5;0;17;80;1;7;2;2;5;4
1028;50;1;5;5;2127;1283;1;2;2;1;12;80;0;7;5;2;4;2
1029;0;1;9;4;3975;663;2;4;3;0;11;80;2;11;2;4;8;7
1030;50;2;8;2;10793;326;3;1;1;0;18;80;1;13;5;3;13;7
1031;50;2;9;3;10096;377;3;1;4;0;11;80;1;28;1;4;7;7
1032;0;1;2;3;3646;592;1;4;2;1;23;80;0;11;2;4;1;0
1033;100;1;1;5;7446;1445;3;3;1;0;11;80;0;10;2;3;10;8
1034;50;1;20;3;10851;1038;3;6;2;1;18;80;1;24;2;3;7;7
1035;50;3;8;2;2109;1398;1;9;9;0;18;80;0;8;3;3;3;2
1036;100;1;2;3;3722;523;1;4;6;1;13;80;1;7;2;1;2;2
1037;50;1;29;3;9380;1448;3;3;4;1;18;80;2;10;4;4;3;1
1038;50;2;7;3;5486;1221;2;1;4;0;11;80;3;15;3;3;2;2
1039;50;3;9;4;2742;1107;1;9;1;0;15;80;0;2;0;3;2;2
1040;0;1;8;1;13757;218;3;7;2;0;11;80;1;16;5;3;9;8
1041;50;2;5;3;8463;866;2;1;0;0;18;80;0;6;4;3;5;4
1042;0;1;5;3;3162;981;1;4;3;0;14;80;0;7;5;3;5;2
1043;50;1;2;3;16598;447;4;7;4;0;12;80;0;35;2;2;9;8
1044;50;1;5;4;6651;1495;2;6;2;0;14;80;1;20;0;2;3;2
1045;50;1;2;3;2345;896;1;2;2;0;14;80;1;8;3;4;3;1
1046;50;1;20;3;3420;1467;1;2;1;0;13;80;0;6;3;2;5;2
1047;100;2;7;3;4373;430;2;1;0;0;14;80;2;5;2;3;4;3
1048;50;2;3;3;4759;1326;2;1;3;0;18;80;0;15;2;3;13;9
1049;50;2;16;1;5301;1358;2;1;8;0;15;80;2;4;2;2;2;1
1050;100;1;9;2;3673;748;1;4;1;0;13;80;0;12;3;3;12;9
1051;100;2;1;5;4768;383;2;1;7;0;12;80;1;11;4;2;1;0
1052;0;1;7;3;1274;990;1;2;1;0;13;80;2;1;2;2;1;0
1053;50;1;1;2;4900;405;2;2;0;0;24;80;1;13;2;2;12;9
1054;50;1;7;4;10466;1490;3;6;3;0;14;80;2;29;3;3;8;7
1055;100;1;15;3;17007;829;4;7;7;0;14;80;2;16;3;2;14;8
1056;100;2;1;3;2909;1496;1;8;3;0;15;80;1;5;3;4;3;2
1057;100;2;13;3;5765;115;2;1;5;0;11;80;0;7;4;1;5;3
1058;50;2;24;4;4599;790;2;1;0;1;23;80;0;16;2;4;15;9
1059;50;2;7;1;2404;660;1;8;1;0;13;80;1;1;3;3;1;0
1060;100;1;9;3;3172;381;1;4;2;1;11;80;0;4;2;2;0;0
1061;0;2;13;2;2033;830;1;8;1;0;13;80;1;1;2;3;1;0
1062;100;1;2;1;10209;1193;3;3;5;1;18;80;0;16;2;2;2;2
1063;50;2;19;3;8620;1246;2;1;1;0;14;80;2;10;3;3;10;7
1064;50;3;1;3;2064;330;1;9;0;0;21;80;1;6;3;4;5;3
1065;50;1;4;4;4035;1229;2;6;0;1;16;80;0;4;2;3;3;2
1066;50;1;4;4;3838;1099;1;4;8;0;11;80;0;8;5;3;5;4
1067;50;2;14;3;4591;571;2;1;3;1;17;80;1;11;4;2;5;4
1068;100;1;2;2;2561;289;1;4;7;0;11;80;0;8;2;2;0;0
1069;50;1;1;3;1563;1423;1;2;1;0;14;80;1;1;2;1;1;0
1070;100;2;7;3;4898;467;2;1;0;0;14;80;0;5;5;3;4;2
1071;50;1;3;2;4789;271;2;4;4;0;25;80;1;10;3;3;3;2
1072;100;1;2;1;3180;410;1;4;0;0;13;80;3;4;3;3;3;2
1073;50;1;29;1;6549;1083;2;3;1;0;14;80;2;8;2;2;8;6
1074;50;1;8;5;6388;516;2;6;2;1;17;80;0;14;6;3;0;0
1075;50;1;10;3;11244;495;3;5;2;0;25;80;0;10;5;4;5;2
1076;100;1;11;4;16032;1050;4;5;3;0;20;80;1;26;2;3;14;9
1077;50;1;1;4;2362;224;1;2;6;0;13;80;0;11;2;1;9;7
1078;50;1;28;3;16328;136;4;7;3;0;13;80;1;24;1;4;20;6
1079;50;1;6;3;8376;1089;3;3;4;0;18;80;0;9;3;3;2;0
1080;50;2;3;3;16606;228;4;5;8;0;12;80;1;23;2;4;13;12
1081;50;1;16;3;8606;1029;3;6;1;0;19;80;0;11;3;1;11;8
1082;50;1;20;1;2272;507;2;4;0;0;14;80;0;5;2;3;4;3
1083;50;1;9;4;2018;676;1;4;3;0;14;80;0;15;3;1;5;4
1084;50;2;1;3;7083;971;3;1;1;1;14;80;0;10;3;3;10;9
1085;100;1;3;3;4084;561;1;2;1;0;12;80;0;7;2;1;7;2
1086;100;1;22;5;14411;333;4;7;1;1;13;80;0;32;2;3;32;6
1087;50;2;7;2;2308;1440;1;8;0;1;25;80;1;12;4;3;11;10
1088;50;1;2;3;4841;1210;1;4;4;0;14;80;1;4;3;3;1;0
1089;50;1;13;3;4285;674;2;2;1;0;17;80;0;10;2;3;10;8
1090;50;1;8;1;9715;441;2;6;3;0;13;80;1;9;3;3;7;7
1091;50;1;25;3;4320;575;2;3;1;0;13;80;0;5;2;3;5;3
1092;50;1;28;3;2132;950;1;2;4;0;20;80;1;8;3;3;5;4
1093;100;1;2;3;10124;288;3;6;2;1;14;80;1;24;3;1;20;8
1094;50;2;9;2;5473;1342;2;1;0;0;12;80;0;9;5;4;8;4
1095;50;1;28;4;5207;589;2;4;1;1;12;80;1;15;3;3;15;14
1096;50;3;6;2;16437;898;4;5;1;1;21;80;0;21;2;3;21;7
1097;50;1;21;2;2296;350;1;4;0;0;14;80;3;2;3;3;1;1
1098;0;1;8;2;4069;1142;2;6;3;1;18;80;0;8;2;3;2;2
1099;50;1;1;4;7441;538;3;6;1;0;12;80;3;10;4;3;10;8
1100;50;2;28;4;2430;1402;1;8;0;0;23;80;2;6;5;3;5;3
1101;50;1;5;2;5878;824;2;2;3;0;12;80;1;12;2;3;7;1
1102;50;2;2;4;2644;1157;1;8;3;1;21;80;0;7;3;2;3;2
1103;50;2;16;4;6439;492;2;1;8;0;14;80;1;18;2;3;8;7
1104;50;1;9;3;2451;598;1;2;6;0;18;80;2;5;2;2;1;0
1105;50;2;8;4;6392;1242;2;1;2;0;13;80;1;8;6;1;2;2
1106;50;2;1;3;9714;740;2;1;1;0;11;80;1;10;4;3;10;8
1107;100;3;10;4;6077;888;2;9;3;0;11;80;0;10;2;3;6;3
1108;50;1;1;3;2450;992;1;4;1;0;19;80;0;3;3;3;3;0
1109;50;2;29;4;9250;1288;3;1;3;0;12;80;1;9;3;3;4;2
1110;50;1;2;3;2074;104;1;4;1;1;12;80;1;1;2;3;1;0
1111;50;1;2;5;10169;607;3;3;0;0;16;80;1;34;4;3;33;7
1112;50;1;2;3;4855;903;2;3;4;0;11;80;2;7;2;3;5;2
1113;0;1;1;4;4087;1200;2;2;4;0;14;80;1;9;3;2;6;5
1114;50;1;15;4;2367;1108;1;2;8;0;12;80;1;10;3;2;8;2
1115;50;1;7;4;2972;479;1;2;1;0;13;80;0;1;4;1;1;0
1116;50;2;26;5;19586;685;5;5;1;0;21;80;1;36;3;3;36;6
1117;50;1;1;4;5484;1351;2;2;9;0;17;80;1;9;3;2;2;2
1118;50;1;3;3;2061;474;1;2;1;0;21;80;0;1;5;3;1;0
1119;50;2;14;3;9924;1245;2;1;0;0;11;80;1;10;3;3;9;8
1120;50;2;16;3;4198;437;2;1;2;0;12;80;0;8;5;4;3;2
1121;50;2;1;4;6815;884;2;1;6;0;13;80;0;15;5;3;1;0
1122;50;1;3;1;4723;1370;1;4;1;1;18;80;0;10;3;3;10;9
1123;50;1;10;4;6142;670;2;6;3;1;16;80;0;10;4;3;5;2
1124;50;2;6;3;8237;1462;3;1;2;0;11;80;1;11;3;3;7;6
1125;100;1;2;1;8853;995;2;6;1;0;19;80;1;6;0;4;6;4
1126;50;2;9;3;19331;264;5;5;4;1;16;80;1;27;2;3;1;0
1127;50;1;10;3;2073;977;1;2;2;0;16;80;1;4;2;3;2;2
1128;100;1;6;4;5562;1302;2;4;3;1;13;80;1;9;3;3;3;2
1129;50;1;9;2;19613;1059;5;5;8;0;22;80;0;24;2;3;1;0
1130;50;1;28;3;3407;750;2;4;1;0;17;80;2;10;3;2;10;9
1131;100;1;10;4;5063;653;2;6;1;0;14;80;1;8;3;2;8;2
1132;50;2;14;2;4639;118;2;1;1;0;15;80;1;5;2;3;5;4
1133;50;1;27;3;4876;990;1;4;5;0;12;80;1;8;0;3;6;4
1134;50;1;7;2;2690;1349;1;4;1;0;18;80;1;1;5;2;1;0
1135;50;2;1;4;17567;563;4;5;1;0;15;80;0;27;5;1;26;0
1136;50;1;24;3;2408;329;1;4;1;1;17;80;3;1;3;3;1;1
1137;0;1;26;2;2814;457;1;2;1;1;14;80;0;4;2;2;4;2
1138;100;1;20;5;11245;1234;4;6;2;1;15;80;1;32;3;3;30;8
1139;50;1;5;4;3312;634;1;2;3;0;17;80;2;6;3;3;3;2
1140;50;1;7;3;19049;1313;5;7;0;1;14;80;1;23;4;2;22;7
1141;50;1;7;3;2141;241;1;2;1;0;12;80;1;6;3;2;6;4
1142;50;1;5;5;5769;1015;2;4;1;1;14;80;0;10;3;3;10;7
1143;0;2;26;3;4385;336;2;1;1;0;15;80;1;10;2;3;10;7
1144;100;2;2;4;5332;715;2;1;7;0;13;80;0;10;3;3;5;2
1145;50;1;12;4;4663;559;2;3;9;1;12;80;2;7;2;3;3;2
1146;100;1;10;4;4724;426;2;3;1;0;13;80;1;9;3;3;9;7
1147;50;1;25;4;3211;722;1;4;1;0;14;80;1;10;3;2;9;6
1148;50;1;10;5;5377;1387;2;3;2;0;13;80;3;10;3;3;7;7
1149;50;1;19;3;4066;1302;1;4;1;0;11;80;2;7;3;3;7;7
1150;50;1;18;5;5208;819;2;2;1;0;11;80;0;16;2;3;16;15
1151;50;1;27;3;4877;580;2;3;0;0;21;80;1;6;5;2;5;3
1152;50;1;5;1;3117;546;1;2;1;0;18;80;0;3;2;3;2;2
1153;100;2;3;2;1569;544;1;8;1;1;12;80;0;0;2;4;0;0
1154;50;3;26;4;19658;1176;5;5;3;0;11;80;1;27;2;3;5;2
1155;50;1;3;2;3069;170;2;4;0;0;15;80;1;11;3;3;10;8
1156;50;1;15;3;10435;884;3;3;1;0;13;80;2;18;2;3;18;15
1157;0;1;8;4;4148;208;2;6;1;0;12;80;1;15;5;3;14;11
1158;50;1;19;3;5768;671;2;3;3;0;17;80;3;9;2;2;4;3
1159;100;1;4;3;5042;711;2;3;0;0;13;80;0;10;2;1;9;2
1160;50;1;2;2;5770;1329;2;3;1;0;19;80;2;10;3;3;10;7
1161;50;1;2;2;7756;397;3;3;3;1;19;80;1;10;6;4;5;4
1162;50;2;10;3;10306;737;3;1;9;0;17;80;0;15;3;3;13;12
1163;50;1;10;3;3936;1470;1;2;1;0;11;80;1;8;2;1;8;4
1164;50;1;16;3;7945;448;3;3;6;1;15;80;0;18;2;2;4;2
1165;100;3;1;5;5743;602;2;9;4;1;11;80;0;14;3;3;10;7
1166;100;1;4;5;15202;365;4;5;2;0;25;80;1;23;3;3;2;2
1167;50;2;15;2;5440;763;2;1;6;1;14;80;2;7;2;2;2;2
1168;100;1;2;1;3760;567;1;2;1;1;13;80;0;6;2;3;6;3
1169;50;1;8;3;3517;486;1;2;7;0;17;80;0;5;0;3;3;2
1170;100;1;2;3;2580;591;1;2;2;0;13;80;0;6;0;2;4;2
1171;50;1;7;3;2166;1329;1;4;3;1;14;80;0;10;3;1;4;2
1172;50;2;10;3;5869;469;2;1;9;0;11;80;0;8;2;3;5;2
1173;50;1;5;4;8008;711;3;6;4;0;12;80;2;9;6;3;3;2
1174;100;1;2;1;5206;772;2;3;1;0;17;80;2;7;6;3;7;7
1175;50;1;12;3;5295;492;2;3;4;0;21;80;0;7;3;3;5;4
1176;50;1;22;4;16413;301;4;7;3;0;16;80;2;27;2;3;4;2
1177;50;1;17;5;13269;813;3;7;5;0;15;80;3;19;3;3;14;11
1178;50;2;2;3;2783;1141;1;8;1;0;19;80;0;2;3;3;2;2
1179;50;1;3;3;5433;1130;2;2;1;0;12;80;1;11;2;3;11;8
1180;50;1;7;3;2013;311;1;4;2;0;11;80;0;15;4;3;4;3
1181;50;1;6;1;13966;465;4;6;2;1;19;80;1;30;3;3;15;11
1182;0;1;1;4;4374;894;2;3;0;0;15;80;0;4;6;3;3;2
1183;50;1;3;2;6842;1040;2;6;6;0;20;80;1;13;3;3;5;4
1184;50;1;22;5;17426;584;4;5;3;0;25;80;1;36;6;3;10;8
1185;50;1;15;2;17603;1291;4;7;1;0;24;80;1;14;3;3;14;10
1186;100;2;12;4;4581;880;2;1;3;1;24;80;0;13;2;4;11;9
1187;100;1;1;3;4735;1189;2;2;7;0;15;80;2;19;4;4;13;11
1188;50;2;5;3;4187;991;2;1;1;1;13;80;1;10;3;2;10;0
1189;50;2;2;4;5505;392;2;1;1;0;14;80;2;6;5;3;6;2
1190;50;1;2;3;5470;977;2;2;0;0;13;80;2;10;4;2;9;5
1191;50;2;5;4;5476;1112;2;1;1;0;11;80;2;10;2;3;10;0
1192;50;1;16;3;2587;464;1;4;4;1;16;80;1;17;2;2;2;2
1193;100;1;2;3;2440;148;1;4;1;0;22;80;0;4;3;3;4;3
1194;50;2;2;4;15972;1225;4;5;6;0;14;80;3;29;2;3;3;2
1195;50;1;1;3;15379;809;4;5;4;0;14;80;0;23;2;3;8;7
1196;50;2;23;2;7082;1206;3;1;3;1;16;80;0;21;2;3;2;0
1197;50;2;9;1;2728;727;1;8;1;0;11;80;0;2;3;3;2;2
1198;0;2;16;3;5368;530;2;1;1;1;25;80;1;7;2;3;6;5
1199;50;1;26;4;5347;1351;2;6;6;0;14;80;2;10;2;2;3;2
1200;50;3;1;3;3195;528;1;9;4;1;18;80;3;8;2;3;2;2
1201;50;1;8;1;3989;1320;1;4;1;1;11;80;0;5;2;3;5;4
1202;50;1;4;2;3306;1495;1;4;7;0;19;80;1;7;5;2;0;0
1203;50;1;24;4;7005;1395;3;6;3;0;15;80;0;11;2;3;4;3
1204;100;2;7;2;2655;708;1;8;2;1;11;80;2;19;3;3;9;7
1205;50;1;2;4;1393;1259;1;4;1;0;12;80;0;1;2;3;1;0
1206;0;1;7;3;2570;786;1;4;1;0;20;80;0;7;5;3;7;7
1207;50;1;22;3;3537;1441;1;2;5;0;12;80;1;8;1;3;4;2
1208;50;1;5;2;3986;1157;2;4;1;0;14;80;1;15;3;4;15;10
1209;50;1;1;4;10883;370;3;6;3;0;20;80;1;19;2;4;1;0
1210;50;1;21;3;2028;267;1;4;1;0;18;80;3;14;6;3;14;11
1211;100;2;1;4;9525;1278;2;1;1;0;14;80;2;6;2;2;6;3
1212;50;1;19;3;2929;678;1;2;1;0;12;80;0;10;3;3;10;9
1213;50;2;7;3;2275;427;1;8;1;1;21;80;1;3;2;3;3;2
1214;50;1;2;3;7879;921;3;6;1;1;19;80;1;9;2;3;8;7
1215;100;1;2;4;4930;146;1;2;0;1;14;80;0;6;2;4;5;4
1216;50;2;2;3;7847;1179;2;1;1;1;17;80;1;10;3;3;10;9
1217;50;1;9;3;4401;581;1;2;1;0;16;80;1;5;1;3;5;3
1218;50;2;6;3;9241;918;3;1;1;0;12;80;0;10;3;3;10;8
1219;50;1;9;4;2974;1082;1;4;9;0;17;80;1;9;2;3;5;3
1220;50;2;2;4;4502;530;2;8;3;0;15;80;0;17;2;2;13;7
1221;0;1;1;1;10748;1238;3;6;3;0;23;80;1;25;3;2;23;15
1222;50;3;22;1;1555;240;1;9;1;0;11;80;1;1;2;3;1;0
1223;100;2;9;3;12936;1093;4;1;7;0;11;80;0;25;3;1;23;5
1224;50;1;17;4;2305;390;1;4;1;0;15;80;3;3;3;4;3;2
1225;50;1;28;2;16704;1005;4;7;1;0;11;80;0;21;2;3;21;6
1226;100;1;10;3;3433;585;1;2;6;0;13;80;1;10;3;2;5;2
1227;50;1;2;4;3477;741;1;4;1;0;14;80;1;6;2;4;5;2
1228;0;3;4;3;6430;552;2;9;6;0;19;80;1;10;4;3;3;2
1229;50;1;8;2;6516;369;2;3;2;1;16;80;1;18;3;3;1;0
1230;50;1;29;1;3907;506;1;4;1;0;13;80;3;6;2;4;6;2
1231;50;1;13;4;5562;717;2;6;6;0;14;80;0;19;3;3;10;7
1232;50;1;27;4;6883;1370;2;3;2;0;16;80;1;17;3;3;7;7
1233;50;1;16;1;2862;793;1;2;1;0;12;80;1;10;2;2;10;0
1234;0;2;2;4;4978;543;2;1;7;0;11;80;1;4;3;1;1;0
1235;50;2;2;3;10368;1277;3;1;4;1;12;80;1;13;5;2;10;6
1236;50;2;13;5;6134;1456;2;1;5;1;13;80;3;16;3;3;2;2
1237;50;2;1;2;6735;964;2;1;6;0;15;80;0;10;2;3;0;0
1238;50;1;4;1;3295;160;1;4;1;0;13;80;0;3;3;1;3;2
1239;100;1;24;1;5238;163;2;3;2;0;20;80;0;9;3;2;5;4
1240;0;1;1;3;6472;792;2;4;1;1;15;80;1;9;2;3;9;8
1241;50;2;19;3;9610;371;3;1;3;0;13;80;1;10;2;1;4;3
1242;50;2;7;4;19833;611;5;5;1;0;14;80;0;21;3;2;21;8
1243;50;3;4;3;9756;176;3;9;4;0;21;80;2;9;2;4;5;0
1244;100;1;2;4;4968;1312;1;2;0;0;16;80;0;10;2;3;9;7
1245;100;3;10;3;2145;897;1;9;0;0;14;80;1;3;2;3;2;2
1246;100;3;8;3;2180;600;1;9;6;0;11;80;1;6;0;2;4;2
1247;50;2;5;3;8346;1003;2;1;1;0;19;80;1;6;3;3;5;2
1248;50;1;8;3;3445;1054;1;2;1;0;11;80;0;6;5;2;6;2
1249;50;2;9;3;2760;428;1;8;1;0;13;80;0;2;3;3;2;2
1250;100;1;1;3;6294;461;2;6;8;1;12;80;0;10;5;4;3;2
1251;50;2;15;2;7140;979;3;1;2;0;11;80;1;12;2;3;7;7
1252;50;1;2;4;2932;181;1;2;0;1;14;80;3;6;3;3;5;0
1253;0;2;2;3;5147;1283;2;1;8;0;15;80;0;13;2;2;11;7
1254;50;2;11;4;4507;1313;2;1;3;0;12;80;0;8;1;4;5;1
1255;50;2;16;3;8564;211;3;1;2;1;20;80;0;11;2;2;0;0
1256;100;1;2;2;2468;594;1;4;4;0;14;80;1;9;4;2;6;1
1257;50;2;16;4;8161;1079;3;1;2;0;13;80;3;10;2;3;1;0
1258;50;1;4;3;2109;590;1;2;1;0;13;80;1;1;2;3;1;0
1259;50;1;16;3;5294;305;2;6;3;0;16;80;1;10;3;3;7;0
1260;0;1;5;4;2718;953;1;2;2;0;14;80;0;12;3;3;7;7
1261;50;1;18;3;5811;833;2;6;3;1;16;80;1;15;2;3;1;0
1262;100;1;17;3;2437;807;1;2;9;1;16;80;1;6;4;3;1;0
1263;50;1;12;3;2766;855;1;4;8;0;22;80;3;7;6;2;5;3
1264;50;1;2;3;19038;478;5;7;8;0;12;80;3;34;2;3;1;0
1265;0;1;4;3;3055;775;2;2;5;0;15;80;2;11;2;2;9;8
1266;50;1;9;4;2289;548;1;4;1;0;20;80;2;5;2;3;5;3
1267;0;2;10;3;4001;1375;2;1;1;1;14;80;1;15;3;3;15;14
1268;0;1;1;4;12965;661;4;3;4;1;20;80;3;27;2;2;3;2
1269;50;3;2;3;3539;244;1;9;0;0;13;80;0;10;5;3;9;7
1270;50;2;3;2;6029;511;2;1;5;0;12;80;0;6;3;3;2;2
1271;50;2;7;1;2679;337;1;8;1;0;13;80;0;1;3;3;1;0
1272;50;1;6;2;3702;1153;1;4;1;0;11;80;1;5;3;3;5;4
1273;50;1;8;1;2398;1294;1;4;1;1;17;80;0;1;6;3;1;0
1274;50;2;29;4;5468;196;2;1;1;0;14;80;2;13;3;3;12;7
1275;50;1;3;3;13116;942;3;5;2;0;11;80;0;15;2;3;2;2
1276;50;2;9;2;4189;589;2;1;1;0;14;80;2;5;2;3;5;2
1277;50;1;2;4;19328;734;5;7;7;1;17;80;1;24;3;3;2;1
1278;50;1;10;3;8321;1383;3;6;7;1;13;80;1;15;1;3;12;8
1279;100;1;1;2;2342;429;1;2;1;1;12;80;3;6;2;2;5;3
1280;50;3;8;2;4071;1239;2;9;2;0;13;80;0;19;4;2;10;0
1281;50;2;27;3;5813;303;2;1;1;1;18;80;0;10;2;3;10;7
1282;50;1;8;4;3143;867;1;2;6;0;19;80;1;14;1;3;10;8
1283;50;1;1;3;2044;1181;1;2;1;0;11;80;1;5;6;4;5;3
1284;50;1;10;1;13464;1253;3;7;7;0;21;80;0;9;3;3;4;3
1285;0;2;26;2;7991;849;2;1;8;0;15;80;0;6;3;3;2;2
1286;50;1;2;2;3377;616;1;4;4;0;17;80;1;7;5;2;4;3
1287;50;1;13;3;5538;1128;2;6;5;0;18;80;2;10;2;2;0;0
1288;0;1;2;2;5762;1180;2;3;2;0;14;80;1;15;6;3;7;7
1289;0;3;2;3;2592;1336;1;9;5;0;13;80;3;13;3;3;11;10
1290;100;1;9;4;5346;234;2;4;4;0;17;80;1;11;3;2;7;1
1291;50;1;10;4;4213;370;2;3;1;0;15;80;0;10;4;1;10;3
1292;100;2;20;3;4127;766;2;1;2;0;18;80;1;7;6;3;2;1
1293;0;1;9;3;2438;343;1;2;4;0;13;80;0;7;2;2;3;2
1294;50;1;5;3;6870;447;2;6;3;0;12;80;0;11;3;1;3;2
1295;50;2;4;1;10447;796;3;1;0;1;13;80;1;23;3;4;22;14
1296;50;1;10;3;9667;1092;3;3;9;0;14;80;0;9;3;3;7;7
1297;50;3;20;2;2148;920;1;9;0;1;11;80;0;6;3;3;5;1
1298;50;1;21;2;8926;261;2;6;4;0;22;80;1;13;2;4;9;7
1299;50;1;1;3;6513;1194;2;6;4;0;17;80;1;12;3;3;5;3
1300;50;2;8;2;6799;810;2;1;1;0;21;80;2;10;5;3;10;8
1301;0;2;2;3;16291;350;4;5;4;0;22;80;1;37;0;2;16;9
1302;50;1;23;4;2705;185;1;4;0;0;16;80;1;6;2;4;5;4
1303;50;1;4;3;10333;1001;3;3;8;1;12;80;1;28;4;3;22;11
1304;50;1;12;3;4448;750;2;6;2;0;12;80;1;15;3;3;7;4
1305;50;1;7;4;6854;431;2;2;4;0;15;80;1;14;2;2;7;1
1306;100;2;7;4;9637;1125;3;1;2;0;14;80;2;9;3;3;3;2
1307;50;1;1;3;3591;1217;1;2;1;0;25;80;1;3;3;3;3;2
1308;50;2;2;4;5405;723;2;8;2;1;20;80;2;20;4;2;4;2
1309;50;2;10;3;4684;572;2;1;1;0;13;80;0;5;4;3;5;3
1310;100;1;15;4;15787;1216;4;7;2;1;14;80;0;23;3;3;2;2
1311;0;1;14;3;1514;1431;1;2;1;0;16;80;0;0;4;1;0;0
1312;50;3;18;5;2956;359;1;9;0;0;17;80;0;2;4;3;1;0
1313;50;3;13;3;2335;350;1;9;4;1;15;80;3;4;3;3;2;2
1314;0;2;2;4;5154;589;2;1;4;0;22;80;2;10;3;4;8;7
1315;50;1;2;4;6962;430;2;2;4;1;22;80;1;15;2;3;1;0
1316;100;2;2;4;5675;1422;2;1;1;0;20;80;1;7;5;3;7;7
1317;100;1;5;2;2379;1297;1;4;0;1;14;80;0;6;3;2;5;4
1318;100;1;20;1;3812;574;1;4;1;0;13;80;0;11;3;4;11;8
1319;100;2;10;4;4648;1318;2;1;8;0;13;80;0;4;2;4;0;0
1320;0;1;10;4;2936;355;1;2;3;0;22;80;2;10;1;2;6;3
1321;50;1;9;4;2105;207;1;4;4;0;12;80;0;7;2;3;2;2
1322;50;1;2;2;8578;706;3;3;3;0;14;80;1;12;4;2;9;8
1323;0;3;1;2;2706;280;1;9;1;0;15;80;1;3;2;3;3;2
1324;50;1;29;1;6384;726;2;6;8;0;17;80;2;11;3;3;7;0
1325;50;1;8;3;3968;1142;1;4;4;0;13;80;0;8;3;3;0;0
1326;50;2;2;4;9907;414;2;1;7;1;12;80;0;7;3;2;2;2
1327;50;2;3;3;13225;1319;4;1;2;0;12;80;1;25;5;3;19;17
1328;50;2;23;1;3540;728;2;8;1;0;21;80;1;9;5;3;9;8
1329;50;3;6;1;2804;352;1;9;1;0;11;80;0;1;3;3;1;0
1330;50;1;6;3;19392;823;5;5;7;0;13;80;0;21;2;3;16;12
1331;50;1;10;3;19665;1224;5;7;4;0;12;80;0;29;3;3;22;10
1332;100;1;24;2;2439;459;1;2;1;1;24;80;0;1;3;2;1;0
1333;50;2;10;3;7314;1254;3;1;5;0;21;80;3;14;2;3;8;7
1334;100;1;15;3;4774;1131;1;2;0;0;19;80;1;8;2;2;7;6
1335;50;1;19;4;3902;835;2;2;8;0;14;80;3;7;2;3;2;2
1336;50;1;2;4;2662;836;1;2;8;0;20;80;1;19;2;4;5;2
1337;50;2;3;3;2856;1172;1;8;1;0;19;80;1;1;3;3;1;0
1338;50;2;9;3;1081;945;1;8;1;0;13;80;0;1;3;2;1;0
1339;50;1;7;1;2472;391;1;2;1;1;23;80;0;1;2;3;1;0
1340;50;2;10;4;5673;1266;2;1;1;1;13;80;1;10;4;3;10;9
1341;50;1;20;3;4197;311;2;4;1;0;11;80;1;10;2;3;10;8
1342;50;2;4;3;9713;1480;3;1;2;1;13;80;3;9;3;3;5;3
1343;50;1;7;3;2062;592;1;4;3;0;14;80;0;11;2;3;3;2
1344;50;1;7;4;4284;783;2;2;5;1;22;80;1;16;2;3;5;3
1345;50;1;16;2;4788;219;2;3;0;1;11;80;0;4;2;3;3;2
1346;50;1;25;2;5906;556;2;3;0;0;13;80;2;10;2;2;9;8
1347;100;3;2;1;3886;1213;2;9;1;0;21;80;0;10;2;2;10;1
1348;50;1;1;4;16823;1137;4;5;2;0;11;80;1;22;3;3;19;7
1349;50;1;1;2;2933;482;1;2;1;1;13;80;1;1;3;2;1;0
1350;50;2;2;2;6500;511;2;1;0;0;14;80;0;9;5;2;8;7
1351;100;1;22;3;17174;117;4;5;3;0;11;80;1;24;3;3;22;17
1352;50;1;1;4;5033;170;2;6;2;0;15;80;1;10;5;3;2;0
1353;0;1;16;4;2307;967;1;2;1;1;23;80;1;5;2;3;5;2
1354;50;1;24;2;2587;1162;1;4;1;0;16;80;0;5;3;3;4;2
1355;50;2;17;2;5507;335;2;1;2;0;16;80;2;12;1;1;4;2
1356;50;2;8;3;4393;337;2;1;5;0;21;80;1;14;3;3;5;4
1357;50;1;6;3;13348;1396;3;7;9;0;13;80;1;18;3;4;13;7
1358;50;2;10;2;6583;1079;2;1;2;1;11;80;1;8;2;3;5;2
1359;50;2;3;1;8103;735;2;1;3;1;12;80;0;9;3;2;4;2
1360;50;1;4;3;3978;471;1;4;8;0;12;80;1;4;0;2;2;2
1361;100;1;6;3;2544;1096;1;4;0;0;18;80;1;8;3;3;7;7
1362;100;1;1;4;5399;1297;2;6;4;0;12;80;0;12;3;3;4;2
1363;50;2;10;4;5487;217;2;1;1;0;14;80;0;10;2;2;10;4
1364;100;2;1;2;6834;783;2;1;1;1;12;80;1;7;2;3;7;7
1365;100;2;24;3;1091;746;1;8;1;0;17;80;0;1;3;3;1;0
1366;0;2;21;4;5736;1251;2;1;6;0;19;80;1;10;1;3;3;2
1367;50;1;2;4;2226;1354;1;2;1;0;11;80;1;6;3;2;5;3
1368;100;1;22;4;5747;735;2;2;1;1;15;80;0;16;3;3;15;10
1369;50;2;13;2;9854;1475;2;1;3;1;11;80;0;6;0;3;2;0
1370;0;1;14;4;5467;1169;2;2;8;0;18;80;1;16;4;4;8;7
1371;50;2;11;5;5380;1443;2;1;4;0;16;80;1;6;3;3;0;0
1372;50;1;9;2;5151;867;2;3;1;0;25;80;1;10;3;3;10;0
1373;100;1;8;3;2133;1394;2;2;1;1;16;80;1;20;3;3;20;11
1374;50;2;21;3;17875;605;4;5;4;1;13;80;1;29;2;2;1;0
1375;100;1;5;2;2432;238;1;2;3;1;14;80;0;8;2;3;4;1
1376;50;1;9;2;4771;1206;1;2;2;0;19;80;2;10;0;4;5;2
1377;100;1;2;1;19161;1064;5;7;3;0;15;80;0;28;3;3;5;4
1378;50;2;12;4;5087;419;2;1;3;1;12;80;2;14;4;3;0;0
1379;100;3;22;3;2863;1337;1;9;1;0;12;80;0;1;2;3;1;0
1380;50;2;18;4;5561;682;2;1;0;0;16;80;1;6;2;1;5;3
1381;0;1;16;3;2144;1103;1;2;1;0;14;80;0;5;3;2;5;3
1382;0;1;3;2;3065;976;1;2;1;1;13;80;1;4;3;4;4;2
1383;0;1;9;4;2810;1351;1;4;1;0;22;80;0;5;3;3;5;4
1384;50;2;1;3;9888;937;3;1;1;0;21;80;0;14;3;2;14;8
1385;50;2;13;4;8628;1239;3;1;1;0;18;80;1;9;2;2;8;7
1386;50;1;1;3;2867;157;1;4;0;0;13;80;0;8;6;2;7;7
1387;50;1;1;3;5373;136;2;6;0;0;12;80;1;6;5;2;5;3
1388;0;1;15;4;6667;1146;2;6;5;0;18;80;1;9;6;3;5;1
1389;100;1;1;3;5003;1125;2;2;1;0;21;80;0;10;6;3;10;8
1390;50;1;17;3;2367;1404;1;4;5;0;12;80;1;6;2;2;4;1
1391;50;2;1;3;2858;1404;1;8;4;0;14;80;0;20;3;2;1;0
1392;50;2;7;4;5204;1224;2;1;1;1;11;80;0;10;2;3;10;8
1393;50;2;9;3;4105;954;2;1;1;0;14;80;0;7;5;3;7;7
1394;50;1;5;4;9679;1373;2;3;8;0;24;80;0;8;1;3;1;0
1395;100;2;26;4;5617;754;2;1;1;1;11;80;0;10;4;3;10;7
1396;50;2;24;4;10448;1168;3;1;6;1;13;80;0;15;2;2;2;2
1397;50;1;9;2;2897;155;2;2;3;0;11;80;2;9;6;2;4;3
1398;100;1;7;2;5968;1303;2;6;1;0;20;80;3;9;2;3;9;7
1399;50;1;11;3;7510;574;3;6;1;0;17;80;1;10;1;3;10;9
1400;100;3;1;4;2991;1444;1;9;0;1;11;80;1;7;2;3;6;2
1401;50;3;26;4;19636;189;5;5;4;1;18;80;1;35;0;3;10;9
1402;50;1;2;1;1129;1276;1;4;1;1;11;80;3;1;4;3;1;0
1403;50;2;15;4;13341;119;4;1;0;0;12;80;0;21;3;3;20;8
1404;0;1;23;2;4332;335;2;2;1;0;12;80;0;20;2;3;20;9
1405;0;1;10;3;11031;697;3;7;4;0;20;80;1;13;2;4;11;7
1406;50;1;10;3;4440;157;2;3;6;1;19;80;0;9;3;3;5;2
1407;50;1;1;2;4617;771;2;6;1;0;12;80;0;4;2;2;4;3
1408;50;1;12;2;2647;571;1;4;1;0;13;80;0;5;6;4;5;2
1409;100;1;11;3;6323;692;2;4;1;0;11;80;1;10;2;4;10;9
1410;50;2;2;2;5677;444;2;1;3;0;14;80;1;15;4;3;11;8
1411;50;3;2;3;2187;309;1;9;4;0;14;80;0;6;3;3;2;0
1412;50;1;1;2;3748;911;1;4;1;0;13;80;0;12;6;2;12;8
1413;50;1;2;1;3977;977;1;4;6;1;19;80;1;7;2;2;2;2
1414;50;1;25;3;8633;1180;3;6;2;0;23;80;0;25;3;3;17;14
1415;0;1;1;2;2008;1313;1;4;1;0;12;80;3;1;2;2;1;1
1416;50;2;1;4;4440;1321;2;1;0;0;15;80;2;16;3;3;15;13
1417;50;2;2;2;3067;1154;1;8;0;0;19;80;1;3;1;3;2;2
1418;100;1;6;4;5321;508;2;3;2;0;11;80;1;10;1;3;8;3
1419;50;1;18;4;5410;557;2;2;6;1;17;80;1;9;3;2;4;3
1420;50;1;1;3;2782;642;1;2;3;0;22;80;1;12;3;3;5;3
1421;0;1;1;1;11957;1162;3;7;0;0;18;80;2;14;3;1;13;8
1422;50;1;11;4;2660;1490;1;4;7;1;11;80;1;5;3;3;2;2
1423;50;1;1;2;3375;581;1;2;0;0;12;80;0;4;2;4;3;2
1424;50;1;9;4;5098;1395;2;2;1;0;19;80;0;10;5;3;10;7
1425;50;1;15;2;4878;501;2;6;0;1;13;80;1;10;6;3;9;7
1426;50;1;29;4;2837;267;1;4;1;0;13;80;0;6;3;3;6;2
1427;50;1;1;4;2406;543;1;4;8;0;19;80;2;8;3;2;1;0
1428;50;2;1;4;2269;234;1;8;0;0;14;80;1;3;2;3;2;2
1429;50;1;24;1;4108;116;2;2;7;0;13;80;0;18;2;3;7;7
1430;50;1;10;3;13206;201;3;7;3;0;12;80;1;20;3;3;18;16
1431;50;2;1;4;10422;801;3;1;1;0;19;80;2;14;3;3;14;10
1432;50;1;10;3;13744;161;3;7;1;1;25;80;1;16;2;3;16;11
1433;50;2;8;2;4907;1382;2;1;0;1;22;80;1;6;3;2;5;3
1434;0;2;29;4;3482;585;1;8;2;0;15;80;2;16;3;2;9;8
1435;50;1;1;3;2436;1037;1;2;6;1;12;80;0;6;2;3;4;3
1436;50;2;5;1;2380;501;1;8;1;1;11;80;0;2;6;3;2;2
1437;0;1;9;3;19431;105;5;5;2;0;13;80;0;21;3;2;6;0
1438;100;2;9;3;1790;638;1;8;1;0;19;80;1;1;3;2;1;0
1439;50;2;3;3;7644;557;3;1;0;0;19;80;2;10;2;3;9;7
1440;100;1;4;2;5131;688;2;3;7;0;13;80;3;18;3;3;4;2
1441;0;1;1;4;6306;667;2;6;1;0;21;80;1;13;2;2;13;12
1442;50;1;1;4;4787;1092;1;2;9;1;14;80;3;4;3;4;2;2
1443;50;1;2;3;18880;300;5;5;5;0;11;80;0;24;2;2;22;6
1444;50;1;7;2;2339;310;1;4;8;0;11;80;1;14;4;1;10;9
1445;50;1;28;4;13570;582;4;3;0;0;23;80;1;21;3;3;20;7
1446;50;2;28;3;6712;704;2;1;1;0;21;80;2;8;2;3;8;7
1447;0;2;15;4;5406;301;2;1;1;0;24;80;1;15;4;2;15;12
1448;50;2;3;3;8938;930;2;1;2;0;11;80;1;14;5;3;5;4
1449;50;1;2;3;2439;529;1;2;1;0;14;80;0;4;4;3;4;2
1450;50;3;26;4;8837;1146;3;9;1;1;16;80;0;9;2;3;9;0
1451;50;2;10;2;5343;345;2;1;1;0;11;80;1;10;1;3;10;7
1452;100;2;1;4;6728;878;2;1;7;0;12;80;2;12;3;3;6;3
1453;50;2;11;4;6652;1120;2;1;4;0;13;80;1;8;2;2;6;3
1454;50;2;20;3;4850;374;2;1;8;0;15;80;0;8;3;3;5;3
1455;50;1;2;4;2809;1322;1;2;2;0;14;80;0;8;2;3;2;2
1456;100;1;18;4;5689;1199;2;6;1;1;14;80;2;10;2;4;10;2
1457;50;1;2;4;2001;1194;1;2;2;0;14;80;3;20;2;3;5;3
1458;50;1;1;4;2977;287;1;2;1;0;12;80;1;4;5;3;4;3
1459;50;1;13;2;4025;1378;2;4;4;1;13;80;1;10;2;3;4;3
1460;50;1;28;4;3785;468;1;2;1;0;14;80;0;5;3;1;5;4
1461;50;2;28;3;10854;410;3;1;4;1;13;80;1;20;3;3;3;2
1462;50;2;24;1;12031;722;4;1;0;0;11;80;1;21;2;2;20;9
1463;0;1;5;3;9936;325;2;3;0;0;19;80;0;10;2;3;9;4
1464;50;2;5;3;2966;1167;1;8;0;0;18;80;0;5;2;3;4;2
1465;100;1;23;2;2571;884;2;4;4;0;17;80;1;17;3;3;5;2
1466;50;1;6;1;9991;613;3;6;4;0;15;80;1;9;5;3;7;7
1467;50;1;4;3;6142;155;2;3;1;1;20;80;1;6;0;3;6;2
1468;100;2;2;3;5390;1023;2;1;2;0;14;80;0;17;3;2;9;6
1469;50;1;8;3;4404;628;2;4;2;0;12;80;0;6;3;4;4;3
