;Reisetaetigkeit;KmZurArbeit;Ausbildung;Verdienst;KostensatzTag;Berufserfahrung;AnzFirmen;ueberstunden;StandardHours;JahreBerufserfahrung;FortbildungProJahr;WorkLifeBalance;Firmenzugehoerigkeit;DauerLetzteFirmenzugehoerigkeit;ist_Vertrieb;ist_Entwicklung;ist_Personal;ist_Vertriebsmitarbeiter;ist_AbteilungsleiterForschung;ist_Produktmanager;ist_Manager;ist_Labortechniker;ist_Abteilungsleiter;ist_Wissenschaftler
0;50;1;2;5993;1102;2;8;1;80;8;0;1;6;4;1;0;0;0;0;0;0;0;0;0
1;100;8;1;5130;279;2;1;0;80;10;3;3;10;7;0;1;0;0;0;0;0;0;0;1
2;50;2;2;2090;1373;1;6;1;80;7;3;3;0;0;0;1;0;0;0;0;0;1;0;0
3;100;3;4;2909;1392;1;1;1;80;8;3;3;8;7;0;1;0;0;0;0;0;0;0;1
4;50;2;1;3468;591;1;9;0;80;6;3;3;2;2;0;1;0;0;0;0;0;1;0;0
5;100;2;2;3068;1005;1;0;0;80;8;2;2;7;7;0;1;0;0;0;0;0;1;0;0
6;50;3;3;2670;1324;1;4;1;80;12;3;2;1;0;0;1;0;0;0;0;0;1;0;0
7;50;24;1;2693;1358;1;1;0;80;1;2;3;1;0;0;1;0;0;0;0;0;1;0;0
8;100;23;3;9526;216;3;0;0;80;10;2;3;9;7;0;1;0;0;0;0;0;0;1;0
9;50;27;3;5237;1299;2;6;0;80;17;3;2;7;7;0;1;0;0;0;1;0;0;0;0
10;50;16;3;2426;809;1;0;0;80;6;5;3;5;4;0;1;0;0;0;0;0;1;0;0
11;50;15;2;4193;153;2;0;1;80;10;3;3;9;5;0;1;0;0;0;0;0;1;0;0
12;50;26;1;2911;670;1;1;0;80;5;1;2;5;2;0;1;0;0;0;0;0;0;0;1
13;50;19;2;2661;1346;1;0;0;80;3;2;3;2;2;0;1;0;0;0;0;0;1;0;0
14;50;24;3;2028;103;1;5;1;80;6;4;3;4;2;0;1;0;0;0;0;0;1;0;0
15;50;21;4;9980;1389;3;1;0;80;10;1;3;10;9;0;1;0;0;0;0;0;0;1;0
16;50;5;2;3298;334;1;0;1;80;7;5;2;6;2;0;1;0;0;0;0;0;0;0;1
17;0;16;2;2935;1123;1;1;1;80;1;2;2;1;0;0;1;0;0;0;0;0;1;0;0
18;50;2;4;15427;1219;4;2;0;80;31;3;3;25;8;0;0;0;0;0;0;1;0;0;0
19;50;2;3;3944;371;1;5;1;80;6;3;3;3;2;0;1;0;0;0;0;0;0;0;1
20;0;11;2;4011;673;2;0;0;80;5;5;2;4;2;0;1;0;0;0;0;0;0;1;0
21;50;9;4;3407;1218;1;7;0;80;10;4;3;5;3;0;0;0;1;0;0;0;0;0;0
22;50;7;4;11994;419;3;0;0;80;13;4;3;12;6;0;1;0;0;1;0;0;0;0;0
23;50;15;2;1232;391;1;1;0;80;0;6;3;0;0;0;1;0;0;0;0;0;0;0;1
24;50;6;1;2960;699;1;2;0;80;8;2;3;4;2;0;1;0;0;0;0;0;0;0;1
25;50;5;3;19094;1282;5;4;0;80;26;3;2;14;13;0;1;0;0;0;0;1;0;0;0
26;100;16;1;3919;1125;1;1;1;80;10;5;3;10;2;0;1;0;0;0;0;0;0;0;1
27;50;8;4;6825;691;2;0;0;80;10;2;3;9;7;1;0;0;0;0;0;0;0;0;0
28;50;7;4;10248;477;3;3;0;80;24;4;3;22;6;0;1;0;0;0;1;0;0;0;0
29;50;2;4;18947;705;5;3;0;80;22;2;2;2;2;0;0;0;0;0;0;1;0;0;0
30;50;2;3;2496;924;1;4;0;80;7;3;3;1;1;0;1;0;0;0;0;0;1;0;0
31;50;10;4;6465;1459;2;2;1;80;9;5;4;4;2;0;1;0;0;0;1;0;0;0;0
32;50;9;2;2206;125;1;1;0;80;10;5;3;10;0;0;1;0;0;0;0;0;1;0;0
33;50;5;3;2086;895;2;3;0;80;19;6;4;1;0;0;0;0;1;0;0;0;0;0;0
34;50;1;3;2293;813;1;2;1;80;6;2;2;2;0;0;1;0;0;0;0;0;0;0;1
35;50;2;2;2645;1273;1;1;0;80;6;3;2;5;3;0;1;0;0;0;0;0;0;0;1
36;50;3;2;2683;869;1;1;1;80;3;2;3;3;2;0;0;0;1;0;0;0;0;0;0
37;50;2;3;2014;890;1;1;0;80;2;3;3;2;2;0;0;0;1;0;0;0;0;0;0
38;50;5;4;3419;852;1;9;1;80;6;3;4;1;1;0;1;0;0;0;0;0;0;0;1
39;100;1;3;5376;1141;2;2;0;80;10;3;3;5;3;1;0;0;0;0;0;0;0;0;0
40;50;4;2;1951;464;1;1;0;80;1;3;3;1;0;0;1;0;0;0;0;0;1;0;0
41;50;2;4;2341;1240;1;1;0;80;1;6;3;1;0;0;1;0;0;0;0;0;1;0;0
42;50;25;3;2293;1357;1;1;0;80;1;2;2;1;0;0;1;0;0;0;0;0;1;0;0
43;100;8;3;8726;994;3;1;0;80;9;0;3;9;8;1;0;0;0;0;0;0;0;0;0
44;100;1;2;4011;721;2;1;0;80;12;2;3;12;8;0;1;0;0;0;0;0;1;0;0
45;50;12;3;19545;1360;5;1;0;80;23;0;3;22;15;0;1;0;0;1;0;0;0;0;0
46;0;23;4;4568;1065;2;0;0;80;10;2;3;9;5;1;0;0;0;0;0;0;0;0;0
47;50;19;2;3022;408;1;4;0;80;8;1;3;1;0;0;1;0;0;0;0;0;0;0;1
48;100;5;4;5772;1211;2;4;1;80;14;4;3;9;6;1;0;0;0;0;0;0;0;0;0
49;50;8;1;2269;1229;1;1;0;80;1;2;3;1;0;0;1;0;0;0;0;0;1;0;0
50;50;1;2;5381;626;3;9;1;80;23;2;3;1;0;0;1;0;0;0;0;0;1;0;0
51;50;5;4;3441;1434;1;1;1;80;2;3;2;2;2;0;1;0;0;0;0;0;1;0;0
52;50;1;5;5454;1488;2;5;1;80;9;2;2;4;3;1;0;0;0;0;0;0;0;0;0
53;0;11;2;9884;1097;3;2;1;80;10;3;3;4;0;0;1;0;0;0;1;0;0;0;0
54;50;23;3;4157;1443;2;7;1;80;5;2;2;2;2;1;0;0;0;0;0;0;0;0;0
55;100;1;2;13458;515;3;1;1;80;15;1;3;15;14;0;1;0;0;1;0;0;0;0;0
56;100;18;5;9069;853;3;1;0;80;9;3;2;9;8;1;0;0;0;0;0;0;0;0;0
57;50;23;4;4014;1142;1;3;1;80;4;3;3;2;2;0;1;0;0;0;0;0;1;0;0
58;50;7;4;5915;655;2;3;0;80;10;3;2;7;7;0;1;0;0;0;0;0;1;0;0
59;50;1;4;5993;1115;2;1;0;80;7;2;4;7;5;0;1;0;0;0;0;0;0;1;0
60;50;1;3;6162;427;2;1;1;80;9;3;3;9;8;0;1;0;0;0;0;0;0;1;0
61;100;29;5;2406;653;2;1;0;80;10;2;3;10;3;0;1;0;0;0;0;0;1;0;0
62;50;7;2;18740;989;5;5;1;80;29;2;2;27;3;0;1;0;0;1;0;0;0;0;0
63;50;25;3;7637;1435;3;7;0;80;28;3;2;21;16;1;0;0;0;0;0;0;0;0;0
64;50;8;3;10096;1223;3;1;0;80;17;2;3;17;14;0;1;0;0;0;1;0;0;0;0
65;50;8;3;14756;836;4;2;1;80;21;2;3;5;0;0;1;0;0;0;0;1;0;0;0
66;100;11;3;6499;1195;2;1;0;80;6;3;3;6;5;0;1;0;0;0;0;0;0;1;0
67;50;7;3;9724;1339;3;2;0;80;25;2;3;1;0;0;1;0;0;0;0;0;0;0;1
68;100;1;3;2194;664;1;4;0;80;5;2;2;3;2;0;1;0;0;0;0;0;0;0;1
69;50;9;3;3388;318;1;0;1;80;2;0;2;1;0;0;1;0;0;0;0;0;0;0;1
70;100;1;1;5473;1225;2;7;0;80;20;2;2;4;3;1;0;0;0;0;0;0;0;0;0
71;50;2;3;2703;1328;1;0;0;80;6;3;3;5;4;0;1;0;0;0;0;0;0;0;1
72;50;1;4;2501;1082;1;1;0;80;1;4;3;1;1;0;1;0;0;0;0;0;0;0;1
73;50;1;3;6220;548;2;1;0;80;10;3;3;10;4;0;1;0;0;0;0;0;0;0;1
74;50;6;3;3038;132;1;3;0;80;5;3;3;1;0;0;1;0;0;0;0;0;1;0;0
75;50;8;4;4424;746;2;1;0;80;11;2;3;11;7;0;1;0;0;0;0;0;0;1;0
76;50;1;4;4312;776;2;0;0;80;16;2;3;15;13;1;0;0;0;0;0;0;0;0;0
77;50;6;4;13245;193;3;4;1;80;17;3;4;0;0;0;1;0;0;1;0;0;0;0;0
78;50;7;4;13664;397;3;4;0;80;16;3;4;5;2;0;1;0;0;1;0;0;0;0;0
79;50;5;2;5021;945;2;8;1;80;16;2;3;4;2;0;0;1;0;0;0;0;0;0;0
80;50;1;1;5126;852;2;1;1;80;10;1;2;10;8;0;1;0;0;0;0;0;1;0;0
81;50;1;3;2859;1214;1;1;0;80;6;3;3;6;4;0;1;0;0;0;0;0;0;0;1
82;50;1;2;10239;111;3;3;0;80;24;4;3;1;0;1;0;0;0;0;0;0;0;0;0
83;0;6;3;5329;573;2;7;1;80;17;3;3;13;11;0;1;0;0;0;0;0;0;0;1
84;50;1;2;4325;1153;2;1;0;80;5;2;3;5;2;0;1;0;0;0;0;0;0;1;0
85;50;7;3;7260;1400;3;4;0;80;37;3;2;6;4;0;1;0;0;0;0;0;0;1;0
86;50;2;1;2322;541;1;3;0;80;3;3;3;0;0;0;0;0;1;0;0;0;0;0;0
87;50;9;4;2075;432;1;3;0;80;10;4;3;4;2;0;1;0;0;0;0;0;1;0;0
88;50;2;3;4152;288;2;1;0;80;11;3;3;11;10;0;1;0;0;0;1;0;0;0;0
89;50;9;2;9619;669;3;1;0;80;9;3;3;9;8;1;0;0;0;0;0;0;0;0;0
90;100;1;4;13503;530;4;1;0;80;22;3;2;22;3;0;1;0;0;0;1;0;0;0;0
91;50;21;4;5441;632;2;0;1;80;11;2;1;10;7;1;0;0;0;0;0;0;0;0;0
92;50;4;2;5209;1334;2;1;1;80;11;4;2;11;8;1;0;0;0;0;0;0;0;0;0
93;100;1;3;10673;638;3;2;1;80;21;5;2;10;9;0;1;0;0;0;1;0;0;0;0
94;50;6;4;5010;1093;2;1;0;80;12;0;3;11;8;1;0;0;0;0;0;0;0;0;0
95;50;2;4;13549;1217;3;9;0;80;16;5;1;4;3;0;1;0;0;1;0;0;0;0;0
96;50;3;2;4999;1353;2;0;0;80;4;2;2;3;2;1;0;0;0;0;0;0;0;0;0
97;0;4;3;4221;120;2;1;0;80;5;3;4;5;4;1;0;0;0;0;0;0;0;0;0
98;50;10;4;13872;682;4;0;0;80;38;1;2;37;10;1;0;0;0;0;0;0;0;0;0
99;0;23;3;2042;489;2;4;0;80;17;3;4;3;2;0;1;0;0;0;0;0;1;0;0
100;50;6;4;2073;807;1;4;1;80;7;3;3;3;2;0;0;1;0;0;0;0;0;0;0
101;50;1;1;2956;827;1;1;0;80;1;2;3;1;0;0;1;0;0;0;0;0;0;0;1
102;100;6;3;2926;871;1;1;1;80;1;5;3;1;0;0;1;0;0;0;0;0;1;0;0
103;50;6;4;4809;665;2;1;0;80;16;3;3;16;13;0;1;0;0;0;0;0;0;0;1
104;0;2;2;5163;1040;2;5;0;80;17;2;4;1;0;0;1;0;0;0;1;0;0;0;0
105;0;2;4;18844;1420;5;9;0;80;30;3;3;3;2;0;0;0;0;0;0;1;0;0;0
106;100;1;3;18172;1115;5;3;1;80;28;1;2;8;3;0;1;0;0;1;0;0;0;0;0
107;50;5;3;5744;240;2;1;1;80;6;1;3;6;4;1;0;0;0;0;0;0;0;0;0
108;50;7;1;2889;1280;1;1;0;80;2;2;3;2;2;0;1;0;0;0;0;0;0;0;1
109;50;15;3;2871;534;1;1;0;80;1;5;3;0;0;0;1;0;0;0;0;0;1;0;0
110;100;1;4;7484;1456;3;3;0;80;23;1;2;13;12;0;1;0;0;0;1;0;0;0;0
111;100;7;3;6074;658;2;1;1;80;9;3;3;9;7;0;1;0;0;0;0;0;1;0;0
112;0;26;3;17328;142;4;2;1;80;23;3;3;5;3;0;0;0;0;0;0;1;0;0;0
113;50;18;1;2774;1127;1;0;0;80;6;2;3;5;3;0;1;0;0;0;0;0;1;0;0
114;50;6;4;4505;1031;2;6;0;80;12;3;3;1;0;0;1;0;0;0;0;0;0;0;1
115;50;3;3;7428;1189;3;2;0;80;12;3;3;5;3;1;0;0;0;0;0;0;0;0;0
116;50;5;3;11631;1354;3;2;0;80;14;6;3;11;10;0;1;0;0;0;0;1;0;0;0
117;100;11;2;9738;1467;3;0;0;80;10;6;3;9;7;1;0;0;0;0;0;0;0;0;0
118;50;3;2;2835;922;1;5;0;80;7;2;3;1;0;0;1;0;0;0;0;0;1;0;0
119;100;26;2;16959;394;4;1;1;80;25;3;4;25;12;0;0;0;0;0;0;1;0;0;0
120;100;23;3;2613;1312;1;1;0;80;10;2;2;10;7;0;1;0;0;0;0;0;0;0;1
121;0;22;2;6146;750;2;0;0;80;8;2;4;7;7;1;0;0;0;0;0;0;0;0;0
122;50;14;4;4963;441;1;9;1;80;7;2;3;5;4;0;1;0;0;0;0;0;0;0;1
123;50;6;3;19537;684;5;7;0;80;23;5;3;20;18;0;1;0;0;1;0;0;0;0;0
124;50;6;4;6172;249;2;4;1;80;12;3;2;7;7;1;0;0;0;0;0;0;0;0;0
125;50;6;3;2368;841;1;1;0;80;5;3;2;5;4;0;1;0;0;0;0;0;0;0;1
126;50;23;4;10312;147;3;1;0;80;40;3;2;40;10;0;1;0;0;0;1;0;0;0;0
127;50;22;1;1675;528;1;1;1;80;0;2;2;0;0;0;0;0;1;0;0;0;0;0;0
128;50;2;1;2523;594;1;0;0;80;3;2;3;2;1;0;1;0;0;0;0;0;1;0;0
129;50;20;4;6567;470;2;1;0;80;16;2;2;15;11;0;1;0;0;0;0;0;0;1;0
130;100;28;3;4739;957;1;4;0;80;18;2;3;3;2;0;1;0;0;0;0;0;0;0;1
131;100;12;3;9208;809;3;4;0;80;16;3;3;2;2;1;0;0;0;0;0;0;0;0;0
132;50;20;3;4559;542;2;3;1;80;4;2;3;2;2;1;0;0;0;0;0;0;0;0;0
133;50;9;1;8189;802;3;3;1;80;12;2;3;9;7;1;0;0;0;0;0;0;0;0;0
134;50;25;1;2942;1355;1;1;0;80;8;3;3;8;7;0;0;1;0;0;0;0;0;0;0
135;50;6;2;4941;216;2;6;0;80;7;0;3;3;2;0;1;0;0;0;0;0;0;1;0
136;100;8;4;10650;1150;3;2;0;80;18;2;3;4;2;0;1;0;0;0;0;0;0;1;0
137;50;4;4;5902;1329;2;4;0;80;17;1;4;15;11;1;0;0;0;0;0;0;0;0;0
138;50;28;3;8639;959;2;2;0;80;6;3;3;2;2;1;0;0;0;0;0;0;0;0;0
139;50;9;3;6347;1240;2;0;1;80;12;2;1;11;9;0;0;1;0;0;0;0;0;0;0
140;50;9;3;4200;1033;1;7;0;80;10;2;4;5;4;0;1;0;0;0;0;0;1;0;0
141;50;29;3;3452;1316;1;5;0;80;9;2;2;6;5;0;1;0;0;0;0;0;0;0;1
142;50;3;5;4317;364;2;3;1;80;19;2;3;3;2;0;1;0;0;0;0;0;0;0;1
143;50;18;3;2632;438;1;1;0;80;5;4;2;5;4;0;1;0;0;0;0;0;0;0;1
144;100;9;2;4668;689;2;0;0;80;9;2;4;8;7;1;0;0;0;0;0;0;0;0;0
145;50;5;3;3204;201;1;5;0;80;8;3;3;3;2;0;1;0;0;0;0;0;0;0;1
146;50;2;1;2720;1427;1;0;0;80;6;3;3;5;3;0;1;0;0;0;0;0;1;0;0
147;100;10;3;17181;857;4;4;0;80;21;2;2;7;6;0;1;0;0;0;0;1;0;0;0
148;50;9;4;2238;933;1;2;0;80;7;2;3;5;0;0;1;0;0;0;0;0;1;0;0
149;50;3;1;1483;1181;1;1;0;80;1;3;3;1;0;0;1;0;0;0;0;0;1;0;0
150;100;26;3;5605;1395;2;1;0;80;20;2;3;20;7;0;1;0;0;0;0;0;0;0;1
151;50;1;5;7295;662;3;1;0;80;10;3;3;10;8;1;0;0;0;0;0;0;0;0;0
152;50;6;2;2306;1436;2;2;1;80;13;3;1;7;7;0;0;0;1;0;0;0;0;0;0
153;50;9;3;2348;194;2;8;0;80;20;2;1;17;9;0;1;0;0;0;0;0;1;0;0
154;100;8;3;8998;967;3;1;0;80;9;2;3;9;8;1;0;0;0;0;0;0;0;0;0
155;0;1;1;4319;1496;2;1;0;80;10;1;3;10;7;0;1;0;0;0;0;0;0;1;0
156;50;7;4;6132;1169;2;2;0;80;10;2;3;1;0;0;1;0;0;0;0;0;0;1;0
157;50;9;3;3346;1145;1;4;1;80;9;3;2;1;0;0;1;0;0;0;0;0;0;0;1
158;50;4;4;10855;630;3;7;0;80;15;2;2;12;11;1;0;0;0;0;0;0;0;0;0
159;100;2;4;2231;303;1;6;0;80;6;3;3;4;3;0;0;0;1;0;0;0;0;0;0
160;50;19;1;2323;1256;1;1;0;80;2;6;3;2;2;0;1;0;0;0;0;0;0;0;1
161;0;9;3;2024;691;1;6;0;80;6;1;1;2;2;0;1;0;0;0;0;0;0;0;1
162;50;21;3;2713;440;1;1;0;80;5;2;1;5;2;0;1;0;0;0;0;0;0;0;1
163;50;24;2;9439;334;3;3;1;80;12;2;1;5;3;0;1;0;0;0;1;0;0;0;0
164;0;3;3;2566;1450;1;1;1;80;1;2;2;1;1;0;1;0;0;0;0;0;0;0;1
165;50;11;3;19926;1452;5;3;0;80;21;5;3;5;4;0;1;0;0;0;0;1;0;0;0
166;50;14;3;2451;465;1;4;0;80;13;2;3;9;8;0;1;0;0;0;0;0;0;0;1
167;50;5;3;9419;1339;3;2;0;80;12;2;3;10;9;1;0;0;0;0;0;0;0;0;0
168;50;1;4;8686;702;2;4;0;80;12;2;4;8;3;1;0;0;0;0;0;0;0;0;0
169;50;6;5;3038;120;1;3;0;80;8;2;3;5;4;0;1;0;0;0;0;0;0;0;1
170;50;17;3;3058;1157;1;0;1;80;6;3;2;5;2;0;1;0;0;0;0;0;0;0;1
171;100;1;1;2325;602;1;0;0;80;1;5;4;0;0;0;0;0;1;0;0;0;0;0;0
172;100;3;2;2088;1480;1;4;0;80;13;3;2;8;7;0;1;0;0;0;0;0;1;0;0
173;0;9;3;3072;111;2;1;0;80;12;4;3;12;9;0;1;0;0;0;0;0;1;0;0
174;50;4;2;5006;1268;2;4;1;80;9;3;4;5;4;1;0;0;0;0;0;0;0;0;0
175;50;8;3;4257;713;1;4;1;80;19;3;3;2;2;0;1;0;0;0;0;0;0;0;1
176;50;2;3;2500;134;1;0;0;80;4;2;4;3;1;0;1;0;0;0;0;0;0;0;1
177;50;2;3;1102;303;1;1;0;80;1;3;2;1;0;0;1;0;0;0;0;0;1;0;0
178;50;1;2;10453;526;3;1;0;80;24;2;3;24;13;1;0;0;0;0;0;0;0;0;0
179;50;9;2;2288;1380;1;1;0;80;2;3;3;2;2;0;1;0;0;0;0;0;1;0;0
180;50;12;1;3929;140;1;8;1;80;7;0;3;4;2;0;1;0;0;0;0;0;0;0;1
181;50;27;2;2311;629;1;2;0;80;9;3;3;3;2;0;1;0;0;0;0;0;0;0;1
182;50;20;2;3140;1356;1;1;1;80;4;5;2;4;3;0;0;0;1;0;0;0;0;0;0
183;50;1;3;3690;328;1;2;0;80;5;2;2;3;2;0;1;0;0;0;0;0;1;0;0
184;50;13;2;4450;1084;2;1;0;80;5;3;3;4;2;0;1;0;0;0;0;0;0;1;0
185;50;14;3;2756;931;1;1;0;80;8;5;3;8;7;0;1;0;0;0;0;0;0;0;1
186;50;4;1;19033;989;5;1;0;80;21;2;3;20;8;0;1;0;0;0;0;1;0;0;0
187;50;14;4;18722;692;5;8;0;80;36;3;3;24;15;0;1;0;0;1;0;0;0;0;0
188;100;2;1;9547;1069;2;1;0;80;10;2;2;10;9;0;1;0;0;0;0;0;0;1;0
189;50;3;3;13734;313;4;3;0;80;21;6;3;7;7;0;1;0;0;0;1;0;0;0;0
190;50;1;4;19999;699;5;0;0;80;34;5;3;33;18;0;1;0;0;0;0;1;0;0;0
191;50;9;3;2279;894;1;1;0;80;7;2;2;7;7;0;1;0;0;0;0;0;0;0;1
192;50;23;2;5916;556;2;3;1;80;8;1;3;1;0;0;1;0;0;0;0;0;0;1;0
193;0;7;3;2089;1344;1;4;0;80;7;3;4;5;4;0;1;0;0;0;0;0;0;0;1
194;0;2;2;16792;1195;4;9;0;80;22;1;3;20;8;0;1;0;0;0;0;1;0;0;0
195;50;21;3;3564;290;1;1;1;80;8;3;2;8;7;0;1;0;0;0;0;0;0;0;1
196;100;2;3;4425;138;2;5;0;80;10;5;3;6;2;0;1;0;0;0;0;0;1;0;0
197;0;21;2;5265;926;2;2;0;80;11;5;3;5;3;0;1;0;0;0;0;0;0;1;0
198;50;2;4;6553;1261;2;9;0;80;14;3;3;1;0;0;1;0;0;0;0;0;0;1;0
199;50;29;3;6261;1084;2;3;0;80;9;3;1;7;7;0;1;0;0;0;0;0;0;1;0
200;100;1;1;4298;472;2;5;0;80;6;1;3;2;2;0;1;0;0;0;0;0;0;1;0
201;0;18;4;6804;1002;2;1;1;80;7;0;3;7;7;0;1;0;0;0;0;0;0;1;0
202;100;10;4;3815;878;1;1;1;80;5;4;4;5;3;0;1;0;0;0;0;0;0;0;1
203;50;19;2;2741;905;2;8;1;80;15;2;4;7;2;0;1;0;0;0;0;0;1;0;0
204;50;29;1;6673;1180;2;7;1;80;17;2;3;1;0;0;1;0;0;0;1;0;0;0;0
205;50;27;3;7639;121;3;1;0;80;10;3;2;10;4;1;0;0;0;0;0;0;0;0;0
206;50;5;3;2328;1136;1;1;1;80;4;2;2;4;2;0;1;0;0;0;0;0;0;0;1
207;100;18;1;2153;635;1;1;0;80;8;2;3;8;1;0;1;0;0;0;0;0;1;0;0
208;0;9;5;4876;1151;2;9;0;80;5;5;1;3;2;0;1;0;0;0;1;0;0;0;0
209;50;1;4;9396;644;3;7;0;80;17;3;3;4;2;0;1;0;0;0;1;0;0;0;0
210;50;4;4;10400;1045;3;1;0;80;14;2;2;14;8;1;0;0;0;0;0;0;0;0;0
211;0;1;1;8474;829;3;1;0;80;12;2;3;11;8;0;1;0;0;0;0;0;0;1;0
212;100;20;3;9981;1242;2;1;0;80;7;2;3;7;7;1;0;0;0;0;0;0;0;0;0
213;50;8;4;12490;1469;3;5;0;80;16;5;1;10;9;0;1;0;0;1;0;0;0;0;0
214;50;3;3;2657;1005;1;5;1;80;8;5;3;5;2;0;1;0;0;0;0;0;0;0;1
215;50;6;3;13591;896;3;3;1;80;16;3;3;1;0;0;0;0;0;0;0;1;0;0;0
216;100;26;4;6696;334;2;5;0;80;9;5;2;6;3;1;0;0;0;0;0;0;0;0;0
217;50;1;3;2058;992;1;0;0;80;7;1;2;6;2;0;1;0;0;0;0;0;0;0;1
218;0;6;3;8865;1052;3;6;0;80;23;2;3;19;7;1;0;0;0;0;0;0;0;0;0
219;50;3;3;5940;1147;2;2;0;80;16;4;3;6;2;1;0;0;0;0;0;0;0;0;0
220;50;5;2;5914;1396;2;8;0;80;16;3;4;13;11;0;1;0;0;0;0;0;1;0;0
221;50;4;4;2622;147;1;6;0;80;7;3;3;3;2;0;1;0;0;0;0;0;0;0;1
222;100;11;3;12185;663;3;1;1;80;10;1;3;10;8;0;1;0;0;1;0;0;0;0;0
223;50;3;3;10609;119;3;0;0;80;17;6;2;16;10;1;0;0;0;0;0;0;0;0;0
224;0;1;4;4345;979;2;0;0;80;6;2;3;5;4;0;1;0;0;0;0;0;0;1;0
225;50;3;3;2177;142;1;3;0;80;7;6;3;1;0;0;1;0;0;0;0;0;0;0;1
226;100;4;4;2793;319;1;4;0;80;13;2;3;9;8;0;0;0;1;0;0;0;0;0;0
227;100;1;1;7918;1413;3;1;0;80;11;5;3;11;10;1;0;0;0;0;0;0;0;0;0
228;100;1;3;8789;944;3;1;0;80;10;3;4;10;7;1;0;0;0;0;0;0;0;0;0
229;50;18;1;2389;896;1;1;1;80;4;3;2;4;3;0;1;0;0;0;0;0;0;0;1
230;50;2;3;3212;1323;1;7;0;80;6;3;2;2;2;0;1;0;0;0;0;0;1;0;0
231;50;4;2;19232;532;5;1;0;80;22;3;3;22;17;0;1;0;0;0;0;1;0;0;0
232;50;6;2;2267;818;1;8;0;80;7;2;2;2;2;0;0;1;0;0;0;0;0;0;0
233;50;1;4;19517;854;5;3;0;80;32;3;2;7;0;0;0;0;0;0;0;1;0;0;0
234;50;14;3;2436;813;1;5;1;80;8;2;1;5;4;0;1;0;0;0;0;0;1;0;0
235;50;16;3;16064;1034;4;5;1;80;22;3;3;17;13;0;0;0;0;0;0;1;0;0;0
236;50;2;2;2707;465;1;7;0;80;13;3;4;9;7;0;1;0;0;0;0;0;1;0;0
237;0;2;4;19068;771;5;1;1;80;33;2;4;33;7;0;0;0;0;0;0;1;0;0;0
238;50;4;2;3931;1401;1;2;0;80;6;5;3;4;3;0;0;0;1;0;0;0;0;0;0
239;50;1;3;3730;515;1;0;1;80;4;2;1;3;2;0;1;0;0;0;0;0;1;0;0
240;50;1;4;2232;1431;1;7;0;80;7;1;3;3;2;0;1;0;0;0;0;0;1;0;0
241;0;26;4;4465;976;2;0;0;80;4;2;3;3;2;1;0;0;0;0;0;0;0;0;0
242;50;19;2;3072;1411;2;2;0;80;17;2;2;1;0;0;1;0;0;0;0;0;0;0;1
243;50;24;2;3319;1300;2;1;0;80;9;3;3;9;8;0;1;0;0;0;0;0;0;0;1
244;50;1;3;19202;252;5;0;0;80;25;2;3;24;0;0;1;0;0;0;0;1;0;0;0
245;100;3;4;13675;1327;3;9;0;80;9;3;3;2;2;0;1;0;0;1;0;0;0;0;0
246;50;5;4;2911;832;1;1;0;80;2;2;2;2;2;0;1;0;0;0;0;0;0;0;1
247;50;2;4;5957;470;2;6;0;80;13;3;3;11;9;0;1;0;0;0;0;0;0;1;0
248;50;1;2;3920;1017;1;2;0;80;17;2;2;3;1;0;1;0;0;0;0;0;0;0;1
249;100;7;4;6434;1199;2;4;0;80;9;1;3;3;2;0;1;0;0;0;0;0;0;1;0
250;100;10;3;10048;504;3;6;0;80;17;5;3;1;0;0;1;0;0;0;0;0;0;1;0
251;100;2;4;10938;505;3;0;0;80;20;1;3;19;6;0;1;0;0;0;1;0;0;0;0
252;50;15;3;2340;665;1;1;0;80;6;1;3;6;5;0;1;0;0;0;0;0;0;0;1
253;50;17;2;6545;916;2;3;1;80;10;1;3;3;2;0;1;0;0;0;0;0;0;0;1
254;50;20;2;6931;1247;2;2;0;80;10;2;3;3;2;1;0;0;0;0;0;0;0;0;0
255;50;1;3;4898;685;2;0;0;80;5;3;3;4;2;0;1;0;0;0;0;0;0;1;0
256;50;2;3;2593;269;1;0;1;80;10;4;3;9;6;0;1;0;0;0;0;0;1;0;0
257;50;2;2;19436;1416;5;0;0;80;22;5;3;21;7;0;1;0;0;1;0;0;0;0;0
258;50;1;3;2723;833;1;1;0;80;1;0;2;1;0;0;1;0;0;0;0;0;0;0;1
259;100;29;2;3479;307;1;0;0;80;6;2;4;5;4;0;1;0;0;0;0;0;1;0;0
260;100;7;3;2794;1311;1;1;0;80;5;3;1;5;1;0;1;0;0;0;0;0;1;0;0
261;0;2;2;5249;1327;2;3;0;80;13;0;3;8;7;1;0;0;0;0;0;0;0;0;0
262;50;2;1;2176;128;2;4;0;80;9;5;3;6;2;0;1;0;0;0;0;0;1;0;0
263;50;2;3;16872;488;4;3;1;80;28;2;2;7;7;0;0;0;0;0;0;1;0;0;0
264;50;2;4;3485;529;1;2;0;80;5;5;1;0;0;0;1;0;0;0;0;0;1;0;0
265;50;2;3;6644;1210;2;2;0;80;10;2;3;0;0;1;0;0;0;0;0;0;0;0;0
266;50;23;3;5582;1463;2;0;0;80;10;2;3;9;0;0;1;0;0;0;1;0;0;0;0
267;0;5;2;4000;675;2;1;0;80;6;2;3;6;3;0;1;0;0;0;1;0;0;0;0
268;50;20;2;13496;1385;4;0;1;80;21;2;3;20;7;0;1;0;0;0;1;0;0;0;0
269;50;6;3;3210;1403;1;0;0;80;16;4;3;15;13;0;1;0;0;0;0;0;1;0;0
270;50;1;3;19045;452;5;0;1;80;37;2;3;36;10;0;1;0;0;0;0;1;0;0;0
271;0;29;4;11849;666;3;1;1;80;10;2;2;10;7;0;1;0;0;0;0;1;0;0;0
272;50;9;3;2070;1158;1;1;0;80;5;3;2;5;2;0;1;0;0;0;0;0;0;0;1
273;50;6;4;6502;228;2;4;0;80;7;5;4;5;4;1;0;0;0;0;0;0;0;0;0
274;50;3;2;3230;996;1;1;0;80;3;4;4;3;2;0;1;0;0;0;0;0;0;0;1
275;0;1;4;13603;728;3;2;1;80;15;2;3;5;2;0;1;0;0;1;0;0;0;0;0
276;50;22;3;11996;1315;3;7;0;80;10;6;2;7;7;0;1;0;0;0;0;1;0;0;0
277;50;7;2;5605;322;2;1;1;80;8;3;3;8;0;1;0;0;0;0;0;0;0;0;0
278;100;1;3;6397;1479;2;1;0;80;6;6;1;6;5;0;1;0;0;0;0;0;0;1;0
279;50;4;1;19144;797;5;3;0;80;28;4;2;10;4;0;1;0;0;1;0;0;0;0;0
280;50;3;4;17584;1070;4;3;1;80;21;5;2;5;3;0;1;0;0;1;0;0;0;0;0
281;50;1;1;4907;635;2;1;0;80;20;3;3;20;16;1;0;0;0;0;0;0;0;0;0
282;100;2;2;4554;442;2;1;0;80;10;3;2;10;7;1;0;0;0;0;0;0;0;0;0
283;50;20;2;5415;147;2;3;1;80;12;4;3;10;7;0;1;0;0;0;0;0;1;0;0
284;100;11;2;4741;496;2;1;1;80;5;3;3;5;3;0;1;0;0;0;1;0;0;0;0
285;50;1;3;2115;1372;1;1;0;80;17;3;3;17;12;0;1;0;0;0;0;0;0;0;1
286;100;24;3;3161;920;1;3;1;80;19;0;1;1;0;0;1;0;0;0;0;0;1;0;0
287;50;23;4;5745;688;2;9;0;80;10;2;3;2;2;0;1;0;0;0;1;0;0;0;0
288;50;16;4;2373;1449;1;2;1;80;5;2;3;3;2;0;1;0;0;0;0;0;1;0;0
289;50;8;2;3310;1117;1;1;0;80;5;3;3;5;3;0;1;0;0;0;0;0;0;0;1
290;100;10;4;18665;636;5;9;1;80;22;4;3;3;2;0;1;0;0;1;0;0;0;0;0
291;50;3;3;4485;506;2;4;0;80;10;2;3;8;0;0;1;0;0;0;0;0;0;0;1
292;100;5;3;2789;444;1;1;0;80;2;5;2;2;2;0;0;0;1;0;0;0;0;0;0
293;50;4;4;5828;950;2;1;1;80;8;0;3;8;7;1;0;0;0;0;0;0;0;0;0
294;100;9;3;2326;889;1;1;1;80;4;3;2;4;2;0;1;0;0;0;0;0;0;0;1
295;100;26;3;13525;555;4;5;0;80;23;2;4;20;4;1;0;0;0;0;0;0;0;0;0
296;50;3;3;1420;230;1;1;0;80;0;2;3;0;0;0;1;0;0;0;0;0;1;0;0
297;50;16;3;8020;1232;3;0;0;80;12;3;2;11;9;1;0;0;0;0;0;0;0;0;0
298;100;18;4;3688;566;1;4;0;80;4;2;3;1;0;0;1;0;0;0;0;0;1;0;0
299;50;2;3;5482;1302;2;5;0;80;13;3;3;4;1;0;1;0;0;0;0;0;0;1;0
300;50;2;4;16015;334;4;1;0;80;22;2;3;22;10;0;0;0;0;0;0;1;0;0;0
301;50;10;3;1200;812;1;1;0;80;0;2;3;0;0;0;0;0;1;0;0;0;0;0;0
302;50;16;2;5661;1476;2;0;0;80;9;2;3;8;3;0;1;0;0;0;1;0;0;0;0
303;50;7;3;6929;218;2;4;0;80;10;3;2;8;7;1;0;0;0;0;0;0;0;0;0
304;50;1;3;9613;1132;3;0;0;80;19;5;2;18;10;0;1;0;0;0;1;0;0;0;0
305;0;24;4;5674;1105;2;7;0;80;11;3;3;9;8;0;1;0;0;0;0;0;1;0;0
306;50;7;3;5484;906;2;1;0;80;13;3;2;13;8;1;0;0;0;0;0;0;0;0;0
307;50;25;2;12061;849;3;3;0;80;19;2;3;10;8;0;1;0;0;1;0;0;0;0;0
308;0;1;4;5660;390;2;2;1;80;12;2;3;5;3;0;1;0;0;0;1;0;0;0;0
309;50;5;4;4821;691;1;0;1;80;6;4;3;5;2;0;1;0;0;0;0;0;0;0;1
310;50;2;3;6410;106;2;3;0;80;9;1;3;2;2;0;0;1;0;0;0;0;0;0;0
311;100;7;3;5210;1249;3;1;0;80;24;2;3;24;9;0;1;0;0;0;0;0;1;0;0
312;50;2;4;2695;192;1;0;1;80;3;2;1;2;2;0;1;0;0;0;0;0;0;0;1
313;100;5;4;11878;553;3;6;0;80;12;2;3;10;6;0;1;0;0;0;0;1;0;0;0
314;50;10;1;17068;117;4;1;1;80;21;3;3;21;9;0;1;0;0;0;0;1;0;0;0
315;100;10;4;2455;185;1;0;0;80;9;5;3;8;7;0;1;0;0;0;0;0;1;0;0
316;50;1;2;13964;1091;4;7;1;80;25;2;3;7;1;0;1;0;0;0;1;0;0;0;0
317;50;8;4;4941;723;2;2;0;80;11;3;2;8;2;0;1;0;0;0;0;0;0;0;1
318;50;5;3;2478;1220;1;1;1;80;4;2;2;4;3;0;1;0;0;0;0;0;0;0;1
319;50;8;2;5228;588;2;1;1;80;13;2;3;13;12;1;0;0;0;0;0;0;0;0;0
320;50;2;3;4478;1377;2;1;1;80;5;3;3;5;4;1;0;0;0;0;0;0;0;0;0
321;50;7;3;7547;691;2;4;0;80;13;3;3;7;7;1;0;0;0;0;0;0;0;0;0
322;50;2;4;5055;1018;2;7;0;80;10;0;2;7;7;0;1;0;0;0;0;0;0;0;1
323;50;2;4;3464;1157;1;5;1;80;5;4;2;3;2;0;1;0;0;0;0;0;0;0;1
324;50;28;2;5775;1275;2;1;0;80;11;2;3;10;8;0;1;0;0;0;0;0;0;0;1
325;100;7;2;8943;798;3;1;0;80;10;2;3;10;9;0;1;0;0;0;0;0;0;1;0
326;100;7;2;19272;672;5;1;0;80;21;2;3;21;9;0;1;0;0;0;0;1;0;0;0
327;50;3;2;5238;1162;2;4;1;80;12;3;2;1;0;1;0;0;0;0;0;0;0;0;0
328;100;10;3;4682;508;2;3;0;80;9;6;2;7;7;1;0;0;0;0;0;0;0;0;0
329;50;5;5;18300;1482;5;4;0;80;21;2;3;3;2;0;1;0;0;1;0;0;0;0;0
330;100;10;4;5257;559;2;1;0;80;9;3;4;9;7;0;1;0;0;0;0;0;1;0;0
331;0;1;1;6349;210;2;0;1;80;6;0;3;5;4;1;0;0;0;0;0;0;0;0;0
332;100;20;4;4869;928;2;3;0;80;20;4;2;4;3;0;1;0;0;0;0;0;0;0;1
333;50;7;3;9985;1001;3;8;0;80;10;1;2;1;0;0;1;0;0;0;1;0;0;0;0
334;50;8;4;3697;549;2;9;0;80;12;3;3;10;9;0;1;0;0;0;0;0;0;0;1
335;50;1;2;7457;1124;2;2;1;80;6;2;2;4;3;1;0;0;0;0;0;0;0;0;0
336;50;8;4;2119;318;1;1;1;80;7;4;2;7;7;0;1;0;0;0;0;0;1;0;0
337;50;9;5;3983;738;1;0;0;80;4;2;3;3;2;0;1;0;0;0;0;0;1;0;0
338;50;5;3;6118;570;2;1;0;80;10;2;3;10;9;1;0;0;0;0;0;0;0;0;0
339;50;8;4;6214;1130;2;1;0;80;8;3;3;8;7;1;0;0;0;0;0;0;0;0;0
340;50;5;2;6347;1192;2;7;0;80;8;2;2;6;2;0;1;0;0;0;0;0;0;1;0
341;50;15;2;11510;343;3;0;1;80;12;3;3;11;10;0;1;0;0;1;0;0;0;0;0
342;50;7;4;7143;1232;3;1;1;80;11;2;2;11;9;0;1;0;0;0;0;0;0;1;0
343;50;10;1;8268;144;2;1;1;80;7;2;3;7;7;1;0;0;0;0;0;0;0;0;0
344;50;5;4;8095;1296;3;0;0;80;17;5;3;16;6;0;1;0;0;0;0;0;0;1;0
345;50;26;1;2904;1309;1;1;0;80;4;2;2;4;2;0;1;0;0;0;0;0;0;0;1
346;50;6;3;6032;483;2;6;1;80;8;3;3;5;4;0;1;0;0;0;0;0;0;1;0
347;100;4;1;2976;1309;2;3;0;80;5;3;3;0;0;0;0;0;1;0;0;0;0;0;0
348;50;23;5;15992;810;4;2;0;80;16;2;3;1;0;0;1;0;0;1;0;0;0;0;0
349;0;2;3;4649;746;2;1;0;80;4;3;2;4;3;1;0;0;0;0;0;0;0;0;0
350;50;2;1;2696;544;1;0;1;80;4;5;3;3;2;0;0;1;0;0;0;0;0;0;0
351;50;2;3;2370;1062;1;1;0;80;8;4;3;8;0;0;1;0;0;0;0;0;1;0;0
352;50;29;1;12504;530;3;3;0;80;15;3;1;0;0;0;0;0;0;0;0;1;0;0;0
353;50;6;3;5974;1319;2;4;1;80;13;2;3;7;7;0;1;0;0;0;0;0;0;0;1
354;0;25;2;4736;641;2;7;1;80;4;2;4;2;2;1;0;0;0;0;0;0;0;0;0
355;50;1;3;5296;933;2;1;0;80;8;3;3;8;7;1;0;0;0;0;0;0;0;0;0
356;50;2;4;6781;1332;2;3;0;80;14;6;3;1;0;0;1;0;0;0;1;0;0;0;0
357;100;1;1;2174;756;1;1;1;80;3;3;3;3;2;0;0;0;1;0;0;0;0;0;0
358;0;1;5;6653;845;2;4;0;80;7;6;3;1;0;1;0;0;0;0;0;0;0;0;0
359;100;3;4;9699;541;3;4;0;80;16;2;3;13;9;1;0;0;0;0;0;0;0;0;0
360;50;1;4;6755;593;2;2;0;80;15;2;3;3;2;0;1;0;0;0;1;0;0;0;0
361;50;10;4;2213;1171;1;3;1;80;10;3;3;7;7;0;1;0;0;0;0;0;1;0;0
362;0;9;2;2610;895;1;1;0;80;3;3;2;3;2;0;0;0;1;0;0;0;0;0;0
363;50;5;3;2851;350;1;1;1;80;1;2;3;1;0;0;0;0;1;0;0;0;0;0;0
364;50;10;3;3452;921;1;6;0;80;17;3;3;5;4;0;1;0;0;0;0;0;1;0;0
365;0;7;4;5258;1144;2;2;0;80;7;2;4;1;0;0;1;0;0;0;0;0;0;1;0
366;100;4;3;9355;143;2;1;0;80;8;5;3;8;7;1;0;0;0;0;0;0;0;0;0
367;50;10;3;10496;1046;3;6;0;80;20;2;3;4;3;0;1;0;0;0;1;0;0;0;0
368;50;22;2;6380;575;2;2;1;80;8;6;3;6;4;1;0;0;0;0;0;0;0;0;0
369;50;9;4;2657;408;1;0;1;80;3;5;3;2;2;0;1;0;0;0;0;0;0;0;1
370;50;12;3;2716;156;1;1;0;80;1;0;3;1;0;0;0;0;1;0;0;0;0;0;0
371;50;23;3;2201;1283;1;9;0;80;6;4;3;3;2;0;1;0;0;0;0;0;0;0;1
372;50;9;4;6540;755;2;9;0;80;10;5;3;1;1;0;1;0;0;0;1;0;0;0;0
373;50;1;2;3816;1469;1;1;0;80;5;2;3;5;2;0;1;0;0;0;0;0;1;0;0
374;50;9;4;5253;304;2;1;0;80;7;1;3;7;5;1;0;0;0;0;0;0;0;0;0
375;50;7;3;10965;1261;3;8;0;80;26;2;3;5;2;0;1;0;0;0;1;0;0;0;0
376;50;14;2;4936;1178;2;4;0;80;18;2;2;7;7;1;0;0;0;0;0;0;0;0;0
377;50;2;3;2543;329;1;4;0;80;6;3;3;2;2;0;1;0;0;0;0;0;0;0;1
378;0;19;3;5304;1362;2;8;1;80;9;3;2;5;2;1;0;0;0;0;0;0;0;0;0
379;50;2;3;16659;1311;4;2;1;80;30;2;3;5;4;0;1;0;0;0;0;1;0;0;0
380;50;10;4;4260;1371;2;1;1;80;5;2;4;5;2;1;0;0;0;0;0;0;0;0;0
381;50;2;1;2476;202;1;1;0;80;1;3;3;1;0;0;0;0;1;0;0;0;0;0;0
382;100;3;1;3102;575;1;0;0;80;7;2;3;6;4;0;1;0;0;0;0;0;0;0;1
383;50;11;3;2244;253;1;1;0;80;2;1;3;2;1;0;1;0;0;0;0;0;0;0;1
384;50;2;2;7596;164;3;1;0;80;10;2;3;10;9;1;0;0;0;0;0;0;0;0;0
385;100;4;3;2285;464;1;9;1;80;3;4;3;1;0;0;1;0;0;0;0;0;0;0;1
386;50;14;3;3034;1107;1;1;0;80;18;2;2;18;7;0;1;0;0;0;0;0;1;0;0
387;50;2;2;5715;759;2;7;0;80;8;5;3;5;4;1;0;0;0;0;0;0;0;0;0
388;50;1;4;2576;201;1;3;0;80;8;5;3;5;2;0;1;0;0;0;0;0;1;0;0
389;50;10;4;4197;1305;2;2;1;80;18;2;2;1;0;0;1;0;0;0;0;0;0;1;0
390;50;12;3;14336;982;4;1;0;80;25;3;3;25;10;0;1;0;0;1;0;0;0;0;0
391;50;2;3;3448;555;2;6;0;80;20;3;3;1;0;0;1;0;0;0;0;0;1;0;0
392;50;5;2;19406;821;5;4;0;80;24;4;2;4;2;0;1;0;0;1;0;0;0;0;0
393;0;4;4;6538;1381;2;9;0;80;6;3;3;3;2;1;0;0;0;0;0;0;0;0;0
394;50;7;2;4306;480;2;1;0;80;13;5;1;13;10;0;1;0;0;0;0;0;0;1;0
395;100;21;3;2258;313;1;7;0;80;8;1;3;3;2;0;1;0;0;0;0;0;1;0;0
396;50;8;4;4522;1473;2;4;1;80;8;3;3;5;2;0;1;0;0;0;1;0;0;0;0
397;50;4;2;4487;891;2;1;1;80;5;3;3;5;4;1;0;0;0;0;0;0;0;0;0
398;0;25;5;4449;1063;2;3;1;80;15;2;3;13;11;0;1;0;0;0;0;0;0;0;1
399;50;1;2;2218;329;1;1;0;80;4;3;3;4;2;0;1;0;0;0;0;0;1;0;0
400;100;1;1;19197;1218;5;1;1;80;21;3;3;21;8;0;1;0;0;0;0;1;0;0;0
401;100;6;3;13212;906;4;9;0;80;36;0;2;7;7;1;0;0;0;0;0;0;0;0;0
402;50;12;3;6577;1082;2;0;0;80;6;6;3;5;4;1;0;0;0;0;0;0;0;0;0
403;50;1;3;8392;645;3;1;0;80;10;2;3;10;7;1;0;0;0;0;0;0;0;0;0
404;50;17;2;4558;1300;2;1;0;80;10;2;3;10;0;0;1;0;0;0;0;0;1;0;0
405;50;3;3;4031;688;1;5;0;80;6;5;3;2;2;0;1;0;0;0;0;0;1;0;0
406;50;3;3;7969;319;3;2;1;80;28;4;3;5;4;0;1;0;0;0;0;0;0;1;0
407;50;10;2;2654;192;1;3;0;80;8;3;2;2;2;0;1;0;0;0;0;0;0;0;1
408;50;4;2;16555;1490;4;2;0;80;31;2;1;5;2;0;1;0;0;0;0;1;0;0;0
409;100;29;2;4556;532;2;2;0;80;19;3;3;5;4;0;1;0;0;0;0;0;0;0;1
410;50;2;3;6091;317;2;2;0;80;11;2;3;5;4;0;1;0;0;0;0;0;0;1;0
411;50;7;3;19566;422;5;5;0;80;33;5;1;29;8;0;1;0;0;0;0;1;0;0;0
412;50;18;3;4810;1485;2;2;0;80;19;5;2;10;7;0;1;0;0;0;0;0;0;1;0
413;100;28;4;4523;1368;2;0;0;80;7;4;4;6;5;0;1;0;0;0;1;0;0;0;0
414;50;1;1;3202;1448;1;1;1;80;6;4;3;5;3;0;0;0;1;0;0;0;0;0;0
415;100;6;2;2351;296;1;0;0;80;3;3;2;2;2;0;0;0;1;0;0;0;0;0;0
416;100;2;2;1702;1490;1;1;1;80;1;3;3;1;0;0;1;0;0;0;0;0;1;0;0
417;50;2;4;18041;1398;5;0;0;80;21;2;3;20;15;0;0;0;0;0;0;1;0;0;0
418;50;23;3;2886;1349;1;1;0;80;3;3;1;3;2;0;1;0;0;0;0;0;0;0;1
419;0;3;3;2097;1400;1;4;0;80;9;3;1;5;3;0;1;0;0;0;0;0;1;0;0
420;50;3;4;11935;986;3;1;0;80;10;2;3;10;2;0;1;0;0;1;0;0;0;0;0
421;50;25;5;2546;408;1;5;0;80;6;2;4;2;2;0;1;0;0;0;0;0;0;0;1
422;50;2;2;2564;489;1;1;0;80;1;3;4;1;0;0;0;1;0;0;0;0;0;0;0
423;0;22;4;8412;1398;3;0;0;80;10;3;3;9;8;1;0;0;0;0;0;0;0;0;0
424;50;29;3;14118;210;4;3;0;80;32;3;2;1;0;0;0;0;0;0;0;1;0;0;0
425;50;29;4;17046;1099;4;0;0;80;28;2;3;27;10;0;1;0;0;0;0;1;0;0;0
426;0;2;3;2564;1116;1;0;0;80;12;2;2;11;7;0;1;0;0;0;0;0;1;0;0
427;100;28;3;10266;1499;3;4;0;80;22;5;4;18;13;1;0;0;0;0;0;0;0;0;0
428;50;2;2;5070;983;2;5;0;80;20;2;3;5;0;0;1;0;0;0;0;0;0;1;0
429;50;2;3;17861;1009;4;6;0;80;26;2;1;3;2;0;1;0;0;1;0;0;0;0;0
430;50;22;3;4230;144;1;0;0;80;6;2;3;5;4;0;1;0;0;0;0;0;1;0;0
431;50;8;4;3780;548;2;7;0;80;19;3;3;1;0;0;1;0;0;0;0;0;1;0;0
432;50;2;4;2768;1303;1;3;0;80;14;3;3;7;3;0;1;0;0;0;0;0;0;0;1
433;50;10;3;9071;1125;3;2;1;80;15;3;3;3;2;1;0;0;0;0;0;0;0;0;0
434;50;9;1;10648;1274;3;1;0;80;13;6;4;13;8;0;1;0;0;0;0;0;0;1;0
435;50;15;1;13610;1277;3;7;1;80;15;2;4;7;6;0;1;0;0;0;0;1;0;0;0
436;50;10;1;3408;587;1;7;0;80;8;2;3;4;3;0;1;0;0;0;0;0;1;0;0
437;50;7;1;2983;413;1;0;0;80;4;3;3;3;2;0;0;0;1;0;0;0;0;0;0
438;50;16;3;7632;1276;3;4;1;80;10;2;3;8;7;0;1;0;0;0;1;0;0;0;0
439;100;20;3;9824;534;3;3;0;80;12;2;3;1;0;0;1;0;0;0;1;0;0;0;0
440;100;23;3;9950;988;3;9;1;80;11;2;3;3;2;0;0;1;0;0;0;0;0;0;0
441;100;5;2;2093;1474;1;4;0;80;8;4;3;2;2;0;1;0;0;0;0;0;1;0;0
442;0;10;4;9980;635;3;1;0;80;10;3;2;10;3;1;0;0;0;0;0;0;0;0;0
443;100;4;1;3894;1368;1;5;0;80;4;3;3;2;2;0;1;0;0;0;0;0;1;0;0
444;50;2;5;4051;163;2;2;0;80;14;2;3;9;7;1;0;0;0;0;0;0;0;0;0
445;50;18;5;16835;1117;4;3;0;80;37;2;3;10;9;0;0;0;0;0;0;1;0;0;0
446;0;10;2;6230;267;2;7;0;80;16;3;3;14;3;1;0;0;0;0;0;0;0;0;0
447;50;1;3;4717;619;2;9;0;80;15;2;3;11;9;1;0;0;0;0;0;0;0;0;0
448;50;6;3;13237;302;4;7;0;80;22;3;3;20;6;0;1;0;0;0;0;0;0;1;0
449;100;8;1;3755;443;1;1;0;80;8;3;3;8;3;0;1;0;0;0;0;0;1;0;0
450;50;2;1;6582;828;2;4;1;80;10;2;4;6;5;1;0;0;0;0;0;0;0;0;0
451;50;24;3;7406;319;3;1;1;80;10;5;2;10;9;0;1;0;0;0;0;0;0;1;0
452;50;2;3;4805;561;2;0;0;80;9;3;4;8;7;1;0;0;0;0;0;0;0;0;0
453;100;17;4;2741;426;1;0;1;80;8;2;2;7;7;0;0;1;0;0;0;0;0;0;0
454;50;19;3;4262;232;2;4;0;80;8;2;4;3;2;0;1;0;0;0;0;0;0;1;0
455;50;1;5;16184;922;4;4;0;80;10;2;3;6;1;0;1;0;0;1;0;0;0;0;0
456;50;7;3;11557;688;3;9;0;80;10;3;2;5;4;0;0;0;0;0;0;1;0;0;0
457;100;5;3;1878;1306;1;1;1;80;0;3;3;0;0;0;0;0;1;0;0;0;0;0;0
458;0;28;3;10932;1094;3;3;0;80;20;2;3;1;0;1;0;0;0;0;0;0;0;0;0
459;0;2;4;6811;509;2;2;1;80;10;3;3;8;7;0;1;0;0;0;1;0;0;0;0
460;50;29;2;4306;775;2;5;0;80;8;5;3;0;0;1;0;0;0;0;0;0;0;0;0
461;50;1;3;4859;195;2;1;0;80;5;3;3;5;4;1;0;0;0;0;0;0;0;0;0
462;50;21;4;5337;258;2;1;0;80;10;3;3;10;7;1;0;0;0;0;0;0;0;0;0
463;50;24;3;2340;471;1;1;1;80;1;3;1;1;0;0;1;0;0;0;0;0;1;0;0
464;50;1;3;7491;799;3;4;0;80;12;3;4;6;5;0;1;0;0;0;0;0;0;1;0
465;100;18;1;10527;1034;3;5;0;80;28;3;2;2;2;0;1;0;0;0;1;0;0;0;0
466;50;2;5;16595;1276;4;7;0;80;22;2;3;18;16;0;0;0;0;0;0;1;0;0;0
467;0;9;4;8834;142;3;1;0;80;9;6;3;9;5;1;0;0;0;0;0;0;0;0;0
468;50;6;2;5577;956;2;3;1;80;18;3;3;10;9;0;1;0;0;0;0;0;0;0;1
469;0;11;4;4707;1474;2;8;0;80;6;2;3;4;2;1;0;0;0;0;0;0;0;0;0
470;100;24;3;2400;535;1;0;0;80;3;3;3;2;2;0;0;0;1;0;0;0;0;0;0
471;50;10;3;9824;1495;2;3;0;80;18;4;3;1;0;0;1;0;0;0;1;0;0;0;0
472;50;1;4;6447;446;2;6;0;80;8;2;2;6;5;0;1;0;0;0;0;0;0;1;0
473;50;18;4;19502;1245;5;1;1;80;31;5;3;31;9;0;1;0;0;1;0;0;0;0;0
474;50;23;3;2725;691;1;1;1;80;6;3;3;6;5;0;1;0;0;0;0;0;0;0;1
475;50;28;2;6272;703;2;1;0;80;6;5;4;5;3;1;0;0;0;0;0;0;0;0;0
476;50;17;2;2127;823;1;1;0;80;1;2;3;1;0;0;1;0;0;0;0;0;1;0;0
477;100;3;3;18200;1246;5;1;0;80;32;2;3;32;5;0;0;0;0;0;0;1;0;0;0
478;50;13;1;2096;622;1;1;0;80;7;1;3;7;4;0;0;0;1;0;0;0;0;0;0
479;100;7;3;2886;1287;1;1;1;80;6;4;3;6;3;0;1;0;0;0;0;0;1;0;0
480;100;12;4;2033;448;1;1;0;80;1;2;4;1;0;0;0;0;1;0;0;0;0;0;0
481;50;1;2;3622;254;1;1;1;80;6;3;3;6;5;0;1;0;0;0;0;0;0;0;1
482;50;13;4;4233;1365;2;2;0;80;9;2;1;3;1;1;0;0;0;0;0;0;0;0;0
483;50;25;2;3681;538;2;4;0;80;9;3;3;3;2;0;1;0;0;0;0;0;1;0;0
484;50;6;4;5460;525;2;4;0;80;13;4;4;7;7;1;0;0;0;0;0;0;0;0;0
485;50;6;4;2187;798;1;0;0;80;6;5;2;5;3;0;1;0;0;0;0;0;0;0;1
486;50;2;3;9602;558;2;4;1;80;17;3;2;3;0;1;0;0;0;0;0;0;0;0;0
487;50;1;3;2836;959;1;1;0;80;1;0;4;1;0;0;1;0;0;0;0;0;0;0;1
488;50;2;4;4089;622;2;1;0;80;10;4;3;10;2;0;1;0;0;0;1;0;0;0;0
489;50;6;4;16627;782;4;4;1;80;21;3;2;1;0;0;1;0;0;1;0;0;0;0;0
490;50;1;1;2619;362;1;3;0;80;8;3;2;0;0;0;1;0;0;0;0;0;0;0;1
491;100;9;5;5679;1001;2;3;1;80;10;3;3;8;7;0;1;0;0;0;0;0;1;0;0
492;50;1;4;15402;1236;4;7;0;80;21;3;1;3;2;0;1;0;0;0;0;1;0;0;0
493;50;1;4;5985;1112;2;4;0;80;10;1;4;2;2;0;0;1;0;0;0;0;0;0;0
494;50;14;3;2579;204;1;1;1;80;8;3;3;8;2;0;0;0;1;0;0;0;0;0;0
495;50;2;1;3041;1420;1;0;0;80;5;3;3;4;3;0;0;0;1;0;0;0;0;0;0
496;50;22;1;3447;1343;1;1;0;80;3;2;3;3;2;0;0;0;1;0;0;0;0;0;0
497;50;3;4;19513;1315;5;4;1;80;26;2;4;2;2;0;1;0;0;0;0;1;0;0;0
498;50;6;1;2773;604;1;0;0;80;3;3;3;2;2;0;1;0;0;0;0;0;0;0;1
499;50;8;4;7104;1216;2;0;0;80;6;3;3;5;0;1;0;0;0;0;0;0;0;0;0
500;50;9;4;6322;646;2;1;1;80;6;2;2;6;4;0;1;0;0;0;0;0;0;0;1
501;100;3;3;2083;160;1;1;0;80;1;2;3;1;0;0;1;0;0;0;0;0;0;0;1
502;50;1;1;8381;238;2;7;0;80;18;2;4;14;7;1;0;0;0;0;0;0;0;0;0
503;50;1;5;2691;1397;1;1;0;80;10;4;2;10;9;0;1;0;0;0;0;0;0;0;1
504;100;26;4;4286;306;2;2;0;80;5;4;3;1;1;1;0;0;0;0;0;0;0;0;0
505;50;6;3;2659;991;1;1;1;80;3;2;3;3;2;0;1;0;0;0;0;0;1;0;0
506;50;3;3;9434;482;3;1;0;80;10;2;3;10;7;0;1;0;0;0;0;0;0;1;0
507;50;3;2;5561;1176;2;1;0;80;6;5;2;6;0;1;0;0;0;0;0;0;0;0;0
508;50;6;4;6646;1017;2;1;0;80;17;3;3;17;11;0;1;0;0;0;0;0;0;0;1
509;100;6;3;7725;1296;2;3;0;80;15;2;1;13;11;0;1;0;0;0;1;0;0;0;0
510;50;19;4;10725;397;3;2;0;80;16;1;4;9;7;0;0;1;0;0;0;0;0;0;0
511;50;9;2;8847;913;2;2;1;80;13;2;3;3;2;0;1;0;0;0;0;0;0;1;0
512;50;3;4;2045;1115;1;0;0;80;5;0;3;4;2;0;1;0;0;0;0;0;0;0;1
513;50;10;1;1009;1362;1;1;1;80;1;5;3;1;0;0;1;0;0;0;0;0;0;0;1
514;100;3;3;3348;1076;1;1;1;80;10;3;3;10;8;0;1;0;0;0;0;0;0;0;1
515;0;3;3;1281;727;1;1;0;80;1;3;3;1;0;0;1;0;0;0;0;0;1;0;0
516;50;4;3;2819;885;1;2;0;80;5;3;4;3;2;0;1;0;0;0;0;0;0;0;1
517;50;8;3;4851;810;2;0;0;80;4;4;3;3;2;1;0;0;0;0;0;0;0;0;0
518;50;7;4;4028;243;2;0;0;80;8;2;3;7;7;1;0;0;0;0;0;0;0;0;0
519;100;1;4;2720;806;1;1;0;80;10;5;3;10;7;0;1;0;0;0;0;0;0;0;1
520;50;2;1;8120;817;2;3;0;80;12;3;3;2;2;1;0;0;0;0;0;0;0;0;0
521;100;3;1;4647;1410;2;1;1;80;6;3;3;6;5;1;0;0;0;0;0;0;0;0;0
522;50;10;2;4680;1225;1;3;0;80;4;2;3;1;0;0;1;0;0;0;0;0;0;0;1
523;50;28;1;3221;1207;1;1;1;80;20;3;3;20;8;0;1;0;0;0;0;0;1;0;0
524;50;9;3;8621;1442;3;1;0;80;9;3;4;8;7;0;1;0;0;0;1;0;0;0;0
525;50;3;2;4577;693;2;9;0;80;4;3;3;2;2;1;0;0;0;0;0;0;0;0;0
526;50;2;4;4553;408;2;1;0;80;20;4;3;20;7;0;1;0;0;0;1;0;0;0;0
527;50;10;3;5396;929;2;1;0;80;10;2;2;10;7;1;0;0;0;0;0;0;0;0;0
528;100;8;2;6796;562;2;3;1;80;18;4;3;4;3;1;0;0;0;0;0;0;0;0;0
529;50;1;4;7625;827;2;0;0;80;10;4;2;9;7;0;1;0;0;0;1;0;0;0;0
530;50;1;2;7412;608;3;1;0;80;9;3;3;9;7;0;1;0;0;0;0;0;0;1;0
531;50;3;2;11159;1018;3;3;0;80;10;6;3;7;7;0;1;0;0;1;0;0;0;0;0
532;50;14;4;4960;703;2;2;0;80;20;2;3;7;7;1;0;0;0;0;0;0;0;0;0
533;100;5;4;10475;580;3;5;1;80;20;2;3;18;13;1;0;0;0;0;0;0;0;0;0
534;50;7;3;14814;970;4;3;0;80;32;3;3;5;1;0;1;0;0;1;0;0;0;0;0
535;50;10;4;19141;427;5;3;0;80;23;2;2;21;6;0;0;0;0;0;0;1;0;0;0
536;50;16;4;5405;1179;2;8;0;80;10;1;3;2;2;1;0;0;0;0;0;0;0;0;0
537;100;10;2;8793;294;3;1;0;80;9;4;2;9;7;0;1;0;0;0;0;0;0;1;0
538;50;1;3;19189;314;5;1;0;80;22;3;3;22;7;0;0;0;0;0;0;1;0;0;0
539;50;8;4;3875;316;1;7;0;80;4;2;3;2;2;0;0;0;1;0;0;0;0;0;0
540;50;1;2;2216;654;1;7;1;80;10;4;3;7;7;0;1;0;0;0;0;0;0;0;1
541;0;8;3;11713;427;3;9;0;80;10;2;3;8;7;0;1;0;0;1;0;0;0;0;0
542;50;1;3;7861;168;3;4;1;80;10;4;4;1;0;0;1;0;0;0;0;0;0;1;0
543;0;24;3;3708;381;1;2;0;80;9;5;3;5;2;0;1;0;0;0;0;0;1;0;0
544;100;3;3;13770;217;4;9;1;80;28;2;2;22;2;1;0;0;0;0;0;0;0;0;0
545;50;27;5;5304;501;2;7;0;80;10;2;2;8;7;1;0;0;0;0;0;0;0;0;0
546;50;10;3;2642;1396;1;1;0;80;1;6;3;1;0;0;0;0;1;0;0;0;0;0;0
547;100;19;3;2759;933;1;6;1;80;7;2;3;2;2;0;1;0;0;0;0;0;0;0;1
548;100;15;3;6804;775;2;3;0;80;7;5;3;2;2;1;0;0;0;0;0;0;0;0;0
549;50;8;2;6142;970;2;3;0;80;10;2;3;5;1;0;1;0;0;0;1;0;0;0;0
550;50;9;1;2500;650;1;1;0;80;5;2;4;4;3;0;1;0;0;0;0;0;1;0;0
551;50;3;3;6389;141;2;9;0;80;12;3;1;8;3;0;0;1;0;0;0;0;0;0;0
552;50;9;3;11103;832;4;7;0;80;30;1;2;10;7;0;1;0;0;0;1;0;0;0;0
553;50;2;1;2342;804;1;0;1;80;5;2;2;4;2;0;1;0;0;0;0;0;0;0;1
554;50;7;3;6811;975;2;8;0;80;9;2;1;7;6;0;1;0;0;0;1;0;0;0;0
555;50;10;3;2297;1090;1;1;0;80;2;2;3;2;2;0;0;0;1;0;0;0;0;0;0
556;50;6;3;2450;346;2;2;0;80;19;4;3;2;2;0;1;0;0;0;0;0;1;0;0
557;0;2;4;5093;1225;2;2;0;80;16;2;4;1;0;0;1;0;0;0;1;0;0;0;0
558;100;24;4;5309;430;2;1;0;80;10;2;3;10;8;0;1;0;0;0;0;0;1;0;0
559;50;2;5;3057;268;1;6;1;80;6;0;1;1;0;0;1;0;0;0;0;0;0;0;1
560;50;8;5;5121;167;2;3;0;80;7;3;3;0;0;0;1;0;0;0;0;0;0;1;0
561;50;3;4;16856;621;4;1;0;80;34;3;4;34;6;0;0;0;0;0;0;1;0;0;0
562;50;1;4;2686;527;1;1;1;80;10;2;2;10;9;0;1;0;0;0;0;0;0;0;1
563;50;26;1;6180;883;2;1;0;80;6;5;2;6;5;1;0;0;0;0;0;0;0;0;0
564;50;2;2;6632;954;2;0;0;80;9;3;3;8;7;0;0;0;1;0;0;0;0;0;0
565;50;10;1;3505;310;1;1;0;80;2;3;3;2;2;0;1;0;0;0;0;0;0;0;1
566;100;27;2;6397;719;2;4;1;80;8;2;3;5;4;1;0;0;0;0;0;0;0;0;0
567;50;2;3;6274;304;2;1;0;80;6;5;3;6;5;1;0;0;0;0;0;0;0;0;0
568;50;2;3;19859;725;5;5;1;80;24;2;3;5;2;0;1;0;0;0;0;1;0;0;0
569;0;8;4;7587;1434;3;1;0;80;10;1;3;10;7;1;0;0;0;0;0;0;0;0;0
570;0;19;4;4258;715;1;0;0;80;5;3;3;4;3;0;1;0;0;0;0;0;0;0;1
571;100;1;2;4364;575;1;3;0;80;5;2;3;2;2;0;1;0;0;0;0;0;1;0;0
572;50;27;3;4335;657;2;4;0;80;11;3;2;8;7;0;1;0;0;0;1;0;0;0;0
573;50;8;3;5326;1146;2;6;0;80;6;2;2;4;3;1;0;0;0;0;0;0;0;0;0
574;50;1;4;3280;182;1;2;0;80;10;2;3;4;2;0;1;0;0;0;0;0;0;0;1
575;50;19;4;5485;376;2;9;1;80;9;4;3;5;3;0;1;0;0;0;0;0;0;1;0
576;100;8;1;4342;829;2;0;0;80;5;3;3;4;2;1;0;0;0;0;0;0;0;0;0
577;50;10;1;2782;571;1;0;1;80;6;3;2;5;3;0;1;0;0;0;0;0;0;0;1
578;100;2;4;5980;240;2;6;1;80;17;2;3;15;7;0;1;0;0;0;0;0;0;1;0
579;50;2;4;4381;121;1;1;0;80;6;3;3;6;5;0;1;0;0;0;0;0;0;0;1
580;50;8;4;2572;384;1;1;0;80;3;1;2;3;2;0;0;0;1;0;0;0;0;0;0
581;50;1;3;3833;921;1;3;0;80;7;2;3;2;2;0;1;0;0;0;0;0;1;0;0
582;100;2;2;4244;791;2;1;0;80;8;2;3;8;7;0;1;0;0;0;1;0;0;0;0
583;50;8;2;6500;1111;2;5;0;80;6;1;3;3;2;1;0;0;0;0;0;0;0;0;0
584;100;8;3;18430;570;5;1;0;80;24;4;2;24;7;0;1;0;0;0;0;1;0;0;0
585;50;6;3;1601;1243;1;1;1;80;1;2;3;0;0;0;1;0;0;0;0;0;1;0;0
586;0;9;3;2694;1092;1;1;0;80;1;4;3;1;0;0;1;0;0;0;0;0;1;0;0
587;50;11;4;3149;1325;2;8;0;80;9;3;3;5;2;0;1;0;0;0;0;0;1;0;0
588;50;2;3;17639;691;4;5;0;80;30;3;3;4;3;0;1;0;0;1;0;0;0;0;0
589;50;1;2;2319;805;1;1;1;80;1;1;3;1;0;0;1;0;0;0;0;0;1;0;0
590;50;7;3;11691;213;3;0;0;80;14;3;4;13;9;0;1;0;0;1;0;0;0;0;0
591;50;16;3;5324;118;2;5;0;80;6;3;3;3;2;1;0;0;0;0;0;0;0;0;0
592;50;2;2;16752;202;4;1;1;80;26;3;2;26;14;0;1;0;0;0;0;1;0;0;0
593;50;1;3;5228;676;2;0;0;80;10;2;3;9;7;0;1;0;0;0;0;0;0;1;0
594;50;23;2;2700;1252;1;1;0;80;10;3;3;10;7;0;1;0;0;0;0;0;0;0;1
595;50;2;4;19246;286;5;7;1;80;40;2;3;31;15;0;1;0;0;1;0;0;0;0;0
596;50;1;4;2506;1258;1;3;0;80;7;0;3;2;2;0;1;0;0;0;0;0;0;0;1
597;50;1;2;6062;932;2;9;1;80;8;4;3;4;3;0;1;0;0;0;0;0;0;1;0
598;50;2;4;4382;890;1;6;0;80;5;3;2;2;2;0;1;0;0;0;0;0;0;0;1
599;50;13;3;2143;1041;1;4;0;80;8;2;3;5;2;0;0;1;0;0;0;0;0;0;0
600;50;4;3;6162;859;2;1;0;80;14;3;3;14;13;0;1;0;0;0;0;0;0;1;0
601;100;16;4;5094;720;2;6;0;80;10;6;3;1;0;0;1;0;0;0;0;0;1;0;0
602;50;2;3;6877;946;2;5;1;80;12;4;2;0;0;0;1;0;0;0;0;0;0;1;0
603;50;2;3;2274;252;1;1;0;80;1;3;3;1;0;0;1;0;0;0;0;0;0;0;1
604;50;29;3;4434;933;2;1;0;80;10;3;2;9;8;0;1;0;0;0;0;0;0;1;0
605;100;12;3;6288;471;2;2;0;80;13;3;2;4;3;0;1;0;0;0;1;0;0;0;0
606;100;16;4;2553;702;1;1;0;80;6;3;3;5;2;0;1;0;0;0;0;0;0;0;1
607;50;11;3;7654;1184;3;1;0;80;9;3;4;9;8;1;0;0;0;0;0;0;0;0;0
608;50;2;1;5160;436;2;4;0;80;12;3;2;9;7;1;0;0;0;0;0;0;0;0;0
609;50;14;2;17159;589;4;6;0;80;22;3;3;4;1;0;1;0;0;1;0;0;0;0;0
610;50;5;1;12808;269;3;1;1;80;9;3;3;9;8;0;1;0;0;1;0;0;0;0;0
611;50;7;3;10221;950;3;3;0;80;17;3;4;8;5;0;1;0;0;0;0;0;0;1;0
612;50;2;4;4779;760;2;1;1;80;8;2;3;8;7;1;0;0;0;0;0;0;0;0;0
613;50;3;2;3737;829;1;0;0;80;4;1;1;3;2;0;0;1;0;0;0;0;0;0;0
614;100;5;2;2366;887;1;1;1;80;8;2;3;8;7;0;1;0;0;0;0;0;0;0;1
615;0;3;3;1706;443;1;1;0;80;0;6;2;0;0;0;1;0;0;0;0;0;0;0;1
616;50;26;4;16307;1318;4;2;0;80;29;2;2;20;6;0;0;0;0;0;0;1;0;0;0
617;50;4;3;5933;625;2;9;0;80;10;2;2;5;2;0;1;0;0;0;1;0;0;0;0
618;50;2;1;3424;180;1;7;0;80;6;3;2;4;3;0;1;0;0;0;0;0;0;0;1
619;50;1;3;4037;586;2;1;0;80;9;5;3;9;8;1;0;0;0;0;0;0;0;0;0
620;50;27;1;2559;1343;1;1;0;80;6;3;2;6;5;0;1;0;0;0;0;0;0;0;1
621;50;1;2;6201;928;2;1;1;80;18;1;2;18;14;1;0;0;0;0;0;0;0;0;0
622;50;13;4;4403;117;2;2;0;80;8;3;2;5;2;1;0;0;0;0;0;0;0;0;0
623;100;5;4;3761;1012;1;9;0;80;10;3;2;5;4;0;1;0;0;0;0;0;0;0;1
624;50;7;2;10934;661;3;7;1;80;35;3;3;5;2;1;0;0;0;0;0;0;0;0;0
625;50;9;3;10761;930;3;4;1;80;18;2;3;5;4;1;0;0;0;0;0;0;0;0;0
626;50;8;2;5175;638;2;5;0;80;9;3;2;5;3;0;1;0;0;0;0;0;0;0;1
627;100;25;4;13826;890;4;3;0;80;31;3;3;9;8;0;1;0;0;0;0;0;0;1;0
628;50;16;4;6334;342;2;4;0;80;9;2;3;1;0;1;0;0;0;0;0;0;0;0;0
629;50;8;2;4936;1169;1;1;0;80;6;6;3;5;1;0;0;1;0;0;0;0;0;0;0
630;50;1;2;4775;1230;2;6;0;80;4;2;1;2;2;0;1;0;0;0;0;0;0;1;0
631;50;8;4;2818;986;1;2;1;80;10;2;2;3;2;0;1;0;0;0;0;0;1;0;0
632;100;2;1;2515;1271;1;5;1;80;8;2;3;2;1;0;1;0;0;0;0;0;0;0;1
633;50;8;3;2342;1278;1;0;0;80;6;3;3;5;4;0;0;1;0;0;0;0;0;0;0
634;50;3;1;4194;141;2;1;1;80;5;3;3;5;3;1;0;0;0;0;0;0;0;0;0
635;50;9;3;10685;607;3;1;1;80;17;2;3;17;14;0;1;0;0;0;0;0;0;1;0
636;100;25;4;2022;130;1;1;1;80;10;3;2;10;2;0;1;0;0;0;0;0;0;0;1
637;0;1;3;2314;300;1;0;0;80;4;2;3;3;0;0;1;0;0;0;0;0;1;0;0
638;50;4;1;4256;583;2;1;0;80;5;1;4;5;2;1;0;0;0;0;0;0;0;0;0
639;50;1;3;3580;1418;1;2;0;80;7;2;3;4;2;0;1;0;0;0;0;0;0;0;1
640;0;4;1;3162;1269;1;0;0;80;6;2;2;5;2;0;1;0;0;0;0;0;1;0;0
641;100;5;2;6524;379;2;1;0;80;10;3;3;10;8;1;0;0;0;0;0;0;0;0;0
642;50;9;3;2899;395;1;0;0;80;3;3;3;2;2;0;0;0;1;0;0;0;0;0;0
643;50;3;3;5231;1265;2;2;1;80;17;1;2;5;3;0;1;0;0;0;0;0;1;0;0
644;50;11;4;2356;1222;1;3;1;80;8;2;3;6;4;0;1;0;0;0;0;0;0;0;1
645;50;1;3;2800;341;1;6;1;80;5;3;3;3;2;0;0;0;1;0;0;0;0;0;0
646;50;8;3;11836;868;4;5;0;80;28;3;3;2;0;1;0;0;0;0;0;0;0;0;0
647;50;25;3;10903;672;3;3;0;80;16;2;3;13;10;0;1;0;0;0;0;0;0;1;0
648;100;21;2;2973;1231;1;5;0;80;10;3;3;5;4;0;0;0;1;0;0;0;0;0;0
649;50;23;4;14275;102;4;6;0;80;33;0;3;12;9;0;1;0;0;1;0;0;0;0;0
650;100;1;3;5562;422;2;4;0;80;12;2;2;5;2;0;1;0;0;0;1;0;0;0;0
651;50;2;2;4537;249;2;0;1;80;8;2;3;7;6;1;0;0;0;0;0;0;0;0;0
652;0;19;2;7642;1252;3;1;1;80;10;2;3;10;0;1;0;0;0;0;0;0;0;0;0
653;0;2;4;17924;881;4;1;0;80;31;3;3;31;6;0;1;0;0;0;0;1;0;0;0
654;50;2;3;5204;1383;2;8;0;80;13;2;3;5;4;0;0;1;0;0;0;0;0;0;0
655;50;3;2;2277;1075;1;3;1;80;7;4;4;4;3;0;0;1;0;0;0;0;0;0;0
656;50;25;4;2795;374;1;1;1;80;1;2;1;1;0;0;1;0;0;0;0;0;1;0;0
657;50;7;1;2532;1086;1;6;0;80;8;5;3;4;3;0;1;0;0;0;0;0;1;0;0
658;50;9;2;2559;661;1;1;1;80;8;0;3;8;7;0;1;0;0;0;0;0;0;0;1
659;50;5;4;4908;821;2;1;0;80;4;3;3;4;2;1;0;0;0;0;0;0;0;0;0
660;100;2;1;2380;781;1;9;1;80;3;3;2;1;0;0;1;0;0;0;0;0;1;0;0
661;50;8;3;4765;177;2;4;0;80;4;2;4;1;0;0;1;0;0;0;0;0;0;1;0
662;50;2;3;2044;500;1;1;0;80;2;3;2;2;2;0;0;0;1;0;0;0;0;0;0
663;50;18;1;2693;1427;1;1;0;80;1;3;2;1;0;0;1;0;0;0;0;0;0;0;1
664;50;14;1;6586;1425;2;0;1;80;17;2;2;16;8;0;1;0;0;0;1;0;0;0;0
665;50;2;4;3294;1454;1;1;1;80;3;3;2;3;2;0;0;0;1;0;0;0;0;0;0
666;50;3;1;4171;617;2;0;1;80;4;3;4;3;2;0;1;0;0;0;0;0;0;1;0
667;50;2;4;2778;1085;1;4;1;80;10;1;2;7;7;0;1;0;0;0;0;0;1;0;0
668;50;9;3;2377;995;1;5;0;80;6;2;3;2;2;0;1;0;0;0;0;0;0;0;1
669;50;6;3;2404;1122;1;7;1;80;8;2;1;2;2;0;1;0;0;0;0;0;1;0;0
670;50;4;3;2318;618;1;1;0;80;1;2;3;1;1;0;1;0;0;0;0;0;0;0;1
671;50;10;3;2008;546;1;1;0;80;1;3;3;1;0;0;1;0;0;0;0;0;1;0;0
672;50;14;2;6244;462;2;7;0;80;10;6;3;5;4;1;0;0;0;0;0;0;0;0;0
673;50;1;4;2799;1198;1;3;1;80;6;1;3;3;2;0;1;0;0;0;0;0;0;0;1
674;50;5;3;10552;1272;3;2;1;80;24;3;3;6;0;0;1;0;0;0;1;0;0;0;0
675;50;7;4;2329;154;1;3;0;80;13;2;4;7;7;0;0;0;1;0;0;0;0;0;0
676;50;21;1;4014;1137;2;1;1;80;10;2;1;10;6;0;1;0;0;0;1;0;0;0;0
677;50;8;2;7403;527;3;4;0;80;29;3;2;26;9;0;1;0;0;0;0;0;1;0;0
678;50;20;4;2259;1469;1;4;0;80;13;2;2;0;0;0;1;0;0;0;0;0;0;0;1
679;0;20;2;6932;1188;2;1;0;80;9;2;2;9;8;1;0;0;0;0;0;0;0;0;0
680;50;7;4;4678;188;1;2;0;80;8;6;3;6;2;0;1;0;0;0;0;0;0;0;1
681;50;1;3;13582;1333;3;1;0;80;15;3;3;15;12;0;1;0;0;1;0;0;0;0;0
682;0;1;3;2332;1184;1;6;0;80;5;3;3;3;0;0;1;0;0;0;0;0;1;0;0
683;50;19;2;2413;867;1;1;1;80;1;2;3;1;0;0;0;0;1;0;0;0;0;0;0
684;50;10;4;9705;658;3;2;0;80;11;2;2;1;0;1;0;0;0;0;0;0;0;0;0
685;100;1;3;4294;1283;2;1;0;80;7;2;3;7;7;1;0;0;0;0;0;0;0;0;0
686;50;6;3;4721;263;1;2;1;80;20;3;3;18;13;0;1;0;0;0;0;0;1;0;0
687;50;2;4;2519;938;1;4;0;80;16;6;3;11;8;0;1;0;0;0;0;0;1;0;0
688;50;21;3;2121;419;1;1;1;80;1;3;4;1;0;0;0;0;1;0;0;0;0;0;0
689;50;4;3;2973;129;1;1;0;80;1;2;3;1;0;0;1;0;0;0;0;0;1;0;0
690;50;12;3;5855;616;2;0;1;80;10;2;1;9;7;0;1;0;0;0;1;0;0;0;0
691;100;9;4;3617;1469;1;8;1;80;3;2;3;1;1;0;1;0;0;0;0;0;0;0;1
692;50;3;4;6725;498;2;1;0;80;8;2;4;8;7;0;1;0;0;0;0;0;0;1;0
693;50;3;1;10325;530;3;1;1;80;16;6;3;16;7;1;0;0;0;0;0;0;0;0;0
694;50;1;3;6949;1069;2;0;0;80;6;3;3;5;0;0;1;0;0;0;1;0;0;0;0
695;50;1;4;10609;625;3;5;0;80;17;2;1;14;1;1;0;0;0;0;0;0;0;0;0
696;0;4;2;4447;805;2;1;0;80;9;5;2;9;7;0;1;0;0;0;0;0;1;0;0
697;100;20;3;2157;1404;1;1;0;80;3;5;3;3;1;0;0;0;1;0;0;0;0;0;0
698;50;18;3;4601;1219;2;1;0;80;5;3;3;5;2;1;0;0;0;0;0;0;0;0;0
699;50;1;2;17099;1053;4;2;0;80;26;2;2;9;8;0;1;0;0;0;0;1;0;0;0
700;50;2;3;2479;289;1;4;0;80;7;4;3;1;0;0;1;0;0;0;0;0;0;0;1
701;50;2;2;14852;1376;4;6;0;80;22;3;4;17;13;0;0;0;0;0;0;1;0;0;0
702;50;8;2;7264;231;3;5;0;80;10;2;4;8;4;1;0;0;0;0;0;0;0;0;0
703;0;10;3;5666;152;2;1;1;80;6;1;3;5;3;1;0;0;0;0;0;0;0;0;0
704;50;3;4;7823;882;3;6;0;80;12;2;3;10;9;1;0;0;0;0;0;0;0;0;0
705;50;2;5;7880;903;3;0;0;80;9;3;3;8;7;1;0;0;0;0;0;0;0;0;0
706;0;24;3;13194;1479;4;4;1;80;22;2;2;1;0;1;0;0;0;0;0;0;0;0;0
707;100;16;4;5067;1379;2;1;1;80;20;3;4;19;10;0;1;0;0;0;0;0;0;1;0
708;0;8;4;5079;1229;2;4;0;80;12;3;3;7;7;1;0;0;0;0;0;0;0;0;0
709;0;9;2;2321;335;1;0;1;80;4;0;3;3;2;0;1;0;0;0;0;0;0;0;1
710;0;17;3;17444;722;4;1;0;80;10;2;3;10;8;0;0;0;0;0;0;1;0;0;0
711;50;10;3;2404;906;1;6;1;80;3;5;3;0;0;0;1;0;0;0;0;0;0;0;1
712;50;13;1;3452;461;1;3;0;80;5;4;3;3;2;0;1;0;0;0;0;0;0;0;1
713;50;1;4;2270;974;1;3;0;80;8;2;3;5;3;0;1;0;0;0;0;0;1;0;0
714;50;1;2;17399;1126;4;9;0;80;32;1;2;5;4;0;1;0;0;1;0;0;0;0;0
715;100;1;4;5488;827;2;1;1;80;6;2;3;6;5;0;1;0;0;0;1;0;0;0;0
716;100;9;3;19419;840;5;2;0;80;21;2;4;18;16;0;1;0;0;1;0;0;0;0;0
717;50;16;4;2811;1134;1;9;0;80;4;2;3;2;2;0;1;0;0;0;0;0;1;0;0
718;0;23;2;3633;248;2;1;1;80;9;2;3;9;8;0;1;0;0;0;0;0;1;0;0
719;50;4;2;4163;955;2;1;1;80;9;0;3;9;0;1;0;0;0;0;0;0;0;0;0
720;50;22;3;2132;138;1;4;1;80;7;2;3;5;2;0;1;0;0;0;0;0;0;0;1
721;50;24;3;13973;939;4;3;1;80;22;2;3;12;11;0;1;0;0;0;0;0;0;1;0
722;100;10;1;2684;1391;1;0;0;80;3;0;2;2;1;0;1;0;0;0;0;0;0;0;1
723;50;7;2;10845;566;3;6;0;80;13;3;3;8;7;0;1;0;0;0;0;0;0;1;0
724;50;17;1;4377;1206;2;1;0;80;5;6;3;4;2;0;1;0;0;0;0;0;0;1;0
725;50;14;4;3743;622;1;1;1;80;5;2;1;4;2;0;1;0;0;0;0;0;1;0;0
726;100;1;1;4148;853;2;1;0;80;4;1;3;4;3;0;1;0;0;0;0;0;0;1;0
727;0;5;2;1051;287;1;1;0;80;0;2;3;0;0;0;1;0;0;0;0;0;0;0;1
728;50;17;3;10739;1441;3;8;0;80;22;2;3;10;7;0;1;0;0;0;0;0;0;1;0
729;50;25;4;10388;583;3;1;1;80;16;3;2;16;10;0;1;0;0;0;1;0;0;0;0
730;50;8;2;11416;153;3;0;1;80;9;4;2;8;7;0;1;0;0;1;0;0;0;0;0
731;50;11;3;2600;1097;1;1;1;80;1;2;3;1;0;0;1;0;0;0;0;0;0;0;1
732;100;5;3;2422;109;1;0;0;80;4;3;3;3;2;0;1;0;0;0;0;0;1;0;0
733;50;2;2;5472;1066;2;1;0;80;8;2;3;8;7;0;1;0;0;0;0;0;0;1;0
734;50;8;1;2451;217;1;1;0;80;4;3;2;4;3;0;1;0;0;0;0;0;1;0;0
735;50;6;3;4240;277;2;2;0;80;19;0;3;2;2;0;1;0;0;0;1;0;0;0;0
736;50;4;4;10999;1355;3;7;0;80;27;3;3;15;11;0;1;0;0;0;1;0;0;0;0
737;50;7;2;5003;549;2;6;0;80;8;6;3;2;2;0;1;0;0;0;0;0;0;1;0
738;50;1;1;12742;466;4;1;0;80;21;3;3;21;6;0;1;0;0;0;0;0;0;1;0
739;50;2;4;4227;1055;2;0;0;80;4;2;3;3;2;0;1;0;0;0;0;0;0;1;0
740;50;10;3;3917;802;1;1;0;80;3;4;2;3;2;0;1;0;0;0;0;0;1;0;0
741;50;5;2;18303;265;5;6;0;80;21;3;4;1;0;0;0;0;0;0;0;1;0;0;0
742;50;9;3;2380;804;1;4;0;80;8;5;3;1;0;0;1;0;0;0;0;0;1;0;0
743;50;2;3;13726;715;4;3;1;80;30;4;3;5;3;0;1;0;0;0;0;0;0;1;0
744;50;11;2;4777;1141;2;5;0;80;15;2;1;1;0;0;1;0;0;0;1;0;0;0;0
745;100;18;4;6385;135;2;3;1;80;17;3;3;8;7;0;1;0;0;0;1;0;0;0;0
746;0;7;1;19973;247;5;1;0;80;21;3;3;21;16;0;1;0;0;1;0;0;0;0;0
747;50;3;4;6861;1035;2;8;1;80;19;1;3;1;0;1;0;0;0;0;0;0;0;0;0
748;0;29;2;4969;265;2;8;0;80;7;6;3;2;2;1;0;0;0;0;0;0;0;0;0
749;50;2;1;19845;266;5;1;0;80;33;3;3;32;14;0;0;0;0;0;0;1;0;0;0
750;50;28;3;13320;1448;4;3;1;80;23;2;3;12;11;1;0;0;0;0;0;0;0;0;0
751;0;1;3;6347;145;2;0;0;80;19;3;3;18;7;1;0;0;0;0;0;0;0;0;0
752;50;16;4;2743;885;1;1;0;80;18;1;3;17;13;0;1;0;0;0;0;0;1;0;0
753;100;22;3;10880;945;3;1;1;80;21;2;3;21;6;0;1;0;0;0;0;0;0;1;0
754;0;8;1;2342;1038;1;0;0;80;3;2;2;2;2;0;0;0;1;0;0;0;0;0;0
755;50;11;2;17650;1234;4;3;0;80;26;4;4;9;3;0;0;0;0;0;0;1;0;0;0
756;0;29;4;4025;1109;1;9;0;80;10;2;3;8;7;0;1;0;0;0;0;0;1;0;0
757;50;1;4;9725;216;2;0;0;80;16;2;2;15;1;1;0;0;0;0;0;0;0;0;0
758;50;1;2;11904;1089;3;3;1;80;14;1;1;6;4;0;0;0;0;0;0;1;0;0;0
759;50;24;4;2177;788;1;1;0;80;6;3;3;6;3;0;0;1;0;0;0;0;0;0;0
760;100;2;3;7525;124;3;2;0;80;30;2;3;15;7;1;0;0;0;0;0;0;0;0;0
761;50;15;3;4834;660;2;7;0;80;9;3;2;1;0;0;1;0;0;0;0;0;1;0;0
762;100;2;3;2042;342;1;6;1;80;6;2;3;3;2;0;1;0;0;0;0;0;0;0;1
763;50;10;4;2220;1333;1;1;1;80;1;2;3;1;1;0;0;0;1;0;0;0;0;0;0
764;50;10;1;1052;1144;1;1;0;80;1;5;3;1;0;0;0;0;1;0;0;0;0;0;0
765;100;3;4;2821;1186;1;3;0;80;8;2;3;2;2;0;1;0;0;0;0;0;0;0;1
766;50;2;4;19237;1464;5;2;1;80;29;2;2;8;1;0;1;0;0;1;0;0;0;0;0
767;50;3;3;4107;124;2;3;0;80;8;3;2;4;3;0;1;0;0;0;1;0;0;0;0
768;50;26;3;8396;300;2;1;0;80;8;3;2;7;7;1;0;0;0;0;0;0;0;0;0
769;100;1;1;2007;921;1;1;0;80;5;5;3;5;3;0;1;0;0;0;0;0;0;0;1
770;50;1;4;19627;430;5;9;0;80;23;0;3;2;2;0;1;0;0;1;0;0;0;0;0
771;50;2;4;10686;1082;3;6;0;80;13;4;3;9;4;1;0;0;0;0;0;0;0;0;0
772;100;9;3;2942;1240;1;2;0;80;18;4;3;5;4;0;1;0;0;0;0;0;0;0;1
773;50;12;5;8858;796;3;0;0;80;15;2;2;14;8;0;1;0;0;0;0;0;0;1;0
774;0;2;1;16756;444;4;7;0;80;31;3;4;9;7;0;1;0;0;0;0;1;0;0;0
775;50;25;3;10798;415;3;5;0;80;18;5;3;1;0;1;0;0;0;0;0;0;0;0;0
776;100;9;3;2323;769;1;1;1;80;2;3;3;2;2;0;0;0;1;0;0;0;0;0;0
777;50;10;3;1416;1334;1;1;0;80;1;6;2;1;0;0;1;0;0;0;0;0;1;0;0
778;50;8;4;4615;1003;2;8;1;80;19;2;3;16;13;0;1;0;0;0;0;0;0;0;1
779;50;4;4;2461;1323;1;9;1;80;18;2;4;10;0;0;1;0;0;0;0;0;0;0;1
780;0;24;2;8722;1366;3;1;0;80;10;2;2;10;7;0;1;0;0;0;1;0;0;0;0
781;50;1;2;3955;192;1;1;0;80;6;2;3;5;3;0;1;0;0;0;0;0;1;0;0
782;50;20;3;9957;1176;2;0;0;80;7;1;2;6;2;0;1;0;0;0;0;0;0;1;0
783;50;7;2;3376;509;1;1;0;80;10;3;3;10;6;0;1;0;0;0;0;0;0;0;1
784;50;17;1;8823;330;3;0;0;80;20;4;2;19;9;0;1;0;0;0;1;0;0;0;0
785;50;20;4;10322;1492;3;4;0;80;14;6;3;11;10;0;1;0;0;0;1;0;0;0;0
786;0;8;5;4621;1277;1;1;0;80;3;4;3;3;2;0;1;0;0;0;0;0;1;0;0
787;100;2;1;10976;1091;3;3;0;80;23;4;3;3;2;0;1;0;0;0;0;0;0;1;0
788;50;10;3;3660;857;2;3;0;80;10;4;4;8;7;0;1;0;0;0;0;0;0;0;1
789;50;1;2;10482;1376;3;9;0;80;24;1;3;20;6;0;0;1;0;0;0;0;0;0;0
790;50;5;3;7119;654;3;4;0;80;9;2;3;3;2;0;1;0;0;0;1;0;0;0;0
791;50;4;3;9582;1204;3;0;1;80;9;2;3;8;7;1;0;0;0;0;0;0;0;0;0
792;100;29;4;4508;827;2;1;0;80;14;4;3;13;7;0;1;0;0;0;0;0;0;0;1
793;50;15;2;2207;895;1;1;0;80;4;5;2;4;2;0;1;0;0;0;0;0;1;0;0
794;100;3;1;7756;618;2;0;0;80;7;1;2;6;2;0;1;0;0;0;1;0;0;0;0
795;50;10;4;6694;309;2;2;1;80;8;5;3;1;0;1;0;0;0;0;0;0;0;0;0
796;50;4;1;3691;1219;1;1;1;80;7;3;4;7;7;0;1;0;0;0;0;0;1;0;0
797;50;21;3;2377;1330;1;1;0;80;1;0;2;1;1;0;1;0;0;0;0;0;1;0;0
798;50;25;3;2313;1017;1;4;1;80;5;0;3;2;2;0;1;0;0;0;0;0;0;0;1
799;50;2;2;17665;469;4;0;0;80;23;3;3;22;6;0;1;0;0;0;0;1;0;0;0
800;100;1;3;2596;1009;1;1;0;80;1;2;3;1;0;0;1;0;0;0;0;0;1;0;0
801;100;1;4;4728;959;2;3;1;80;5;4;3;0;0;1;0;0;0;0;0;0;0;0;0
802;100;7;3;4302;970;2;0;0;80;4;3;3;3;2;1;0;0;0;0;0;0;0;0;0
803;0;3;4;2979;697;1;3;0;80;6;2;3;0;0;0;1;0;0;0;0;0;0;0;1
804;0;1;4;16885;1262;4;2;0;80;27;3;2;5;4;0;1;0;0;0;0;1;0;0;0
805;0;9;4;5593;1050;2;1;0;80;15;2;3;15;10;1;0;0;0;0;0;0;0;0;0
806;50;7;4;10445;994;3;7;0;80;18;4;3;8;6;0;1;0;0;0;1;0;0;0;0
807;50;10;4;8740;770;3;0;1;80;9;2;3;8;7;1;0;0;0;0;0;0;0;0;0
808;50;28;4;2514;1107;1;4;0;80;11;1;3;7;5;0;1;0;0;0;0;0;0;0;1
809;50;3;3;7655;950;3;0;0;80;10;3;2;9;7;0;1;0;0;0;0;0;0;1;0
810;50;3;1;17465;406;4;3;0;80;23;3;3;12;9;0;0;0;0;0;0;1;0;0;0
811;50;2;2;7351;130;3;7;0;80;10;2;3;1;0;1;0;0;0;0;0;0;0;0;0
812;100;27;3;10820;1082;3;8;0;80;18;1;3;8;7;0;1;0;0;0;0;0;0;1;0
813;100;2;3;12169;203;4;7;0;80;21;4;3;18;7;0;1;0;0;0;1;0;0;0;0
814;50;14;3;19626;1308;5;1;0;80;21;2;4;20;7;0;1;0;0;1;0;0;0;0;0
815;50;1;1;2070;984;1;1;1;80;2;6;4;2;2;0;1;0;0;0;0;0;0;0;1
816;0;9;3;6782;439;2;9;0;80;9;2;2;5;4;0;1;0;0;0;0;0;1;0;0
817;0;18;4;7779;217;2;2;0;80;18;0;3;11;9;0;1;0;0;0;0;0;0;1;0
818;100;20;3;2791;793;1;0;0;80;3;4;3;2;2;0;0;0;1;0;0;0;0;0;0
819;50;2;1;3201;1451;1;0;0;80;6;2;1;5;3;0;1;0;0;0;0;0;0;0;1
820;100;11;2;4968;1182;2;1;0;80;5;3;3;5;2;1;0;0;0;0;0;0;0;0;0
821;50;8;4;13120;174;4;6;0;80;22;3;3;9;8;1;0;0;0;0;0;0;0;0;0
822;100;2;2;4033;1003;2;2;0;80;5;3;2;3;2;0;1;0;0;0;0;0;0;1;0
823;100;10;3;3291;490;1;0;0;80;8;2;2;7;5;0;1;0;0;0;0;0;0;0;1
824;50;29;3;4272;188;2;4;0;80;16;3;3;1;0;0;1;0;0;0;0;0;1;0;0
825;50;8;1;5056;718;2;1;1;80;10;2;2;10;7;0;1;0;0;0;0;0;0;1;0
826;50;1;3;2844;433;1;1;0;80;7;2;4;7;6;0;0;1;0;0;0;0;0;0;0
827;100;6;3;2703;773;1;1;1;80;3;2;3;3;1;0;1;0;0;0;0;0;0;0;1
828;0;8;1;1904;247;1;1;0;80;0;0;3;0;0;0;1;0;0;0;0;0;1;0;0
829;50;9;4;8224;603;2;0;1;80;6;3;3;5;2;1;0;0;0;0;0;0;0;0;0
830;50;12;4;4766;167;1;3;1;80;6;4;3;1;0;0;1;0;0;0;0;0;1;0;0
831;100;15;3;2610;874;1;1;0;80;2;5;2;2;2;0;1;0;0;0;0;0;1;0;0
832;50;25;2;5731;367;2;7;0;80;9;2;3;6;2;0;1;0;0;0;1;0;0;0;0
833;50;6;3;2539;199;1;1;0;80;4;0;3;4;2;0;1;0;0;0;0;0;0;0;1
834;50;9;1;5714;1400;2;1;0;80;6;3;2;6;5;1;0;0;0;0;0;0;0;0;0
835;50;8;4;4323;528;1;1;0;80;6;2;1;5;4;0;0;1;0;0;0;0;0;0;0
836;50;23;1;7336;408;3;1;0;80;11;3;1;11;8;1;0;0;0;0;0;0;0;0;0
837;100;9;4;13499;593;3;9;0;80;20;3;2;18;7;0;1;0;0;1;0;0;0;0;0
838;100;12;3;13758;481;4;0;1;80;22;2;2;21;9;1;0;0;0;0;0;0;0;0;0
839;50;4;4;5155;647;2;7;0;80;9;3;4;6;4;1;0;0;0;0;0;0;0;0;0
840;50;1;4;2258;982;1;6;0;80;10;2;3;8;0;0;1;0;0;0;0;0;1;0;0
841;50;24;3;3597;477;1;8;0;80;6;2;3;4;3;0;1;0;0;0;0;0;1;0;0
842;50;12;1;2515;1485;1;1;1;80;1;4;2;1;1;0;1;0;0;0;0;0;1;0;0
843;50;3;4;4420;1384;1;1;0;80;8;2;3;8;7;0;1;0;0;0;0;0;1;0;0
844;50;10;3;6578;852;2;1;0;80;10;3;3;10;3;1;0;0;0;0;0;0;0;0;0
845;100;26;2;4422;902;2;3;1;80;16;3;1;1;1;0;1;0;0;0;0;0;0;0;1
846;50;2;3;10274;819;3;2;0;80;15;2;4;7;7;0;1;0;0;0;0;0;0;1;0
847;100;1;3;5343;669;2;0;0;80;14;3;3;13;9;0;1;0;0;0;1;0;0;0;0
848;100;4;4;2376;636;1;1;0;80;2;2;4;2;2;0;1;0;0;0;0;0;1;0;0
849;50;9;3;5346;1372;2;8;0;80;7;2;2;4;3;1;0;0;0;0;0;0;0;0;0
850;0;2;1;2827;862;1;1;0;80;1;3;3;1;0;0;0;0;1;0;0;0;0;0;0
851;50;4;4;19943;718;5;4;0;80;28;2;3;5;2;0;1;0;0;0;0;1;0;0;0
852;50;6;1;3131;1401;1;1;0;80;10;5;3;10;8;0;1;0;0;0;0;0;1;0;0
853;50;9;2;2552;645;1;1;0;80;1;4;3;1;1;0;1;0;0;0;0;0;0;0;1
854;50;7;3;4477;1457;1;4;1;80;7;2;2;3;2;0;1;0;0;0;0;0;0;0;1
855;50;1;3;6474;977;2;1;0;80;14;2;2;14;8;0;1;0;0;0;0;0;0;1;0
856;50;3;3;3033;805;1;1;0;80;2;2;2;2;2;0;1;0;0;0;0;0;1;0;0
857;50;10;4;2936;1097;1;1;1;80;6;4;3;6;4;0;1;0;0;0;0;0;0;0;1
858;50;7;2;18606;1223;5;3;0;80;26;6;3;7;7;0;1;0;0;0;0;1;0;0;0
859;50;15;1;2168;942;1;0;1;80;6;2;2;5;4;0;1;0;0;0;0;0;0;0;1
860;100;3;4;2853;1256;1;0;1;80;1;5;3;0;0;0;1;0;0;0;0;0;0;0;1
861;50;2;3;17048;1402;4;8;0;80;28;2;3;26;15;0;0;0;0;0;0;1;0;0;0
862;0;17;3;2290;111;1;2;0;80;6;3;3;0;0;0;1;0;0;0;0;0;0;0;1
863;50;2;3;3600;147;1;1;0;80;5;2;3;5;4;0;0;1;0;0;0;0;0;0;0
864;0;5;2;2107;906;1;6;0;80;5;2;1;1;0;0;1;0;0;0;0;0;0;0;1
865;50;29;4;4115;1329;2;8;0;80;8;3;3;4;3;1;0;0;0;0;0;0;0;0;0
866;100;2;4;4327;1184;2;5;0;80;5;2;3;0;0;1;0;0;0;0;0;0;0;0;0
867;100;2;3;17856;1421;4;2;0;80;32;3;3;2;2;0;1;0;0;0;0;1;0;0;0
868;50;19;4;3196;1179;1;1;0;80;6;2;3;6;5;0;1;0;0;0;0;0;1;0;0
869;50;15;2;19081;1450;5;5;0;80;25;2;3;4;2;0;1;0;0;1;0;0;0;0;0
870;50;17;4;8966;1361;2;3;1;80;15;2;3;7;7;1;0;0;0;0;0;0;0;0;0
871;50;17;2;2210;984;1;1;0;80;1;3;1;1;0;0;1;0;0;0;0;0;1;0;0
872;100;25;3;4539;1146;2;1;0;80;10;3;2;10;7;1;0;0;0;0;0;0;0;0;0
873;50;6;4;2741;917;1;1;0;80;7;4;3;7;7;0;1;0;0;0;0;0;1;0;0
874;50;7;4;3491;853;2;1;0;80;10;4;2;10;7;0;1;0;0;0;0;0;1;0;0
875;50;29;4;4541;200;2;1;0;80;20;3;3;20;11;0;1;0;0;0;0;0;0;0;1
876;50;21;3;2678;654;1;1;0;80;2;2;3;2;1;0;0;0;1;0;0;0;0;0;0
877;50;2;4;7379;150;2;2;0;80;12;3;2;6;3;0;1;0;0;0;0;0;0;1;0
878;0;2;5;6272;179;2;7;0;80;10;3;4;4;3;0;0;1;0;0;0;0;0;0;0
879;50;7;4;5220;696;2;0;1;80;12;3;3;11;7;1;0;0;0;0;0;0;0;0;0
880;100;13;3;2743;116;1;1;0;80;2;2;3;2;2;0;1;0;0;0;0;0;1;0;0
881;100;2;2;4998;1316;2;4;1;80;10;2;3;8;7;0;1;0;0;0;0;0;0;0;1
882;50;1;3;10252;363;3;2;1;80;17;2;3;7;7;0;1;0;0;0;0;0;0;1;0
883;50;9;3;2781;117;1;0;0;80;15;5;3;14;10;0;1;0;0;0;0;0;0;0;1
884;50;10;3;6852;107;2;7;0;80;7;2;4;5;1;1;0;0;0;0;0;0;0;0;0
885;50;10;4;4950;1356;2;0;0;80;5;4;3;4;3;1;0;0;0;0;0;0;0;0;0
886;50;1;3;3579;1465;1;0;1;80;12;2;3;11;9;0;1;0;0;0;0;0;0;0;1
887;100;26;5;13191;458;3;3;1;80;20;6;3;1;0;0;1;0;0;1;0;0;0;0;0
888;0;8;2;10377;1212;3;4;1;80;16;6;2;13;2;1;0;0;0;0;0;0;0;0;0
889;50;14;3;2235;1103;1;1;1;80;9;3;2;9;7;0;1;0;0;0;0;0;0;0;1
890;100;1;4;10502;966;3;7;0;80;33;2;1;5;4;0;1;0;0;0;0;0;0;1;0
891;50;2;1;2011;1117;1;1;0;80;10;5;3;10;5;0;1;0;0;0;0;0;0;0;1
892;0;10;3;1859;504;1;1;1;80;1;2;4;1;1;0;1;0;0;0;0;0;0;0;1
893;50;1;3;3760;1010;1;1;0;80;3;5;3;3;2;0;1;0;0;0;0;0;0;0;1
894;50;3;3;17779;685;4;3;0;80;36;2;3;10;9;0;1;0;0;1;0;0;0;0;0
895;50;11;2;6833;1332;2;1;1;80;6;2;2;6;5;0;1;0;0;0;1;0;0;0;0
896;50;24;3;6812;1062;2;1;0;80;10;2;3;10;9;0;1;0;0;0;1;0;0;0;0
897;50;3;3;5171;326;2;5;0;80;13;2;3;6;1;1;0;0;0;0;0;0;0;0;0
898;50;3;3;19740;920;5;3;0;80;25;2;3;8;7;0;1;0;0;1;0;0;0;0;0
899;50;4;2;18711;1098;5;2;0;80;23;2;4;1;0;0;1;0;0;0;0;1;0;0;0
900;100;3;3;3692;469;1;1;0;80;12;2;2;11;10;0;1;0;0;0;0;0;0;0;1
901;50;2;2;2559;969;1;5;0;80;7;4;2;1;0;0;1;0;0;0;0;0;1;0;0
902;50;4;2;2517;1167;1;1;0;80;5;2;3;5;3;0;1;0;0;0;0;0;0;0;1
903;50;7;3;6623;1329;2;1;1;80;6;2;3;6;0;0;1;0;0;0;1;0;0;0;0
904;50;1;3;18265;715;5;6;0;80;25;3;4;1;0;0;1;0;0;1;0;0;0;0;0
905;50;1;3;16124;694;4;3;0;80;9;2;2;7;7;0;1;0;0;1;0;0;0;0;0
906;50;20;3;2585;1320;1;0;0;80;2;5;2;1;0;0;1;0;0;0;0;0;0;0;1
907;50;5;3;18213;1099;5;7;0;80;26;5;3;22;9;0;0;0;0;0;0;1;0;0;0
908;50;10;5;8380;536;3;0;1;80;10;3;3;9;8;1;0;0;0;0;0;0;0;0;0
909;50;25;3;2994;265;1;1;1;80;1;2;3;1;0;0;1;0;0;0;0;0;0;0;1
910;50;1;2;1223;373;1;1;0;80;1;2;3;1;0;0;1;0;0;0;0;0;0;0;1
911;100;24;1;1118;599;1;1;1;80;1;4;3;1;0;0;0;0;1;0;0;0;0;0;0
912;50;4;2;2875;583;1;1;1;80;8;2;2;8;5;0;1;0;0;0;0;0;0;0;1
913;50;2;3;18824;1449;5;2;1;80;26;2;3;24;10;0;0;0;0;0;0;1;0;0;0
914;0;8;1;13577;177;4;1;1;80;34;3;3;33;9;0;1;0;0;0;1;0;0;0;0
915;100;10;2;2625;251;1;1;0;80;2;2;1;2;2;0;1;0;0;0;0;0;1;0;0
916;50;4;2;18789;168;5;2;0;80;26;2;3;11;4;0;0;0;0;0;0;1;0;0;0
917;50;2;3;4538;131;2;0;1;80;4;3;3;3;2;1;0;0;0;0;0;0;0;0;0
918;100;9;3;19847;237;5;4;1;80;31;5;2;29;10;0;0;0;0;0;0;1;0;0;0
919;50;18;4;10512;1429;3;6;0;80;25;6;2;9;7;0;1;0;0;0;0;0;0;1;0
920;100;19;3;4444;135;2;4;0;80;15;2;4;11;8;0;1;0;0;0;0;0;1;0;0
921;100;1;4;2154;791;1;0;1;80;5;2;2;4;2;0;1;0;0;0;0;0;1;0;0
922;50;4;2;19190;1199;5;1;0;80;26;4;2;25;9;0;1;0;0;0;0;1;0;0;0
923;100;11;3;4490;648;2;4;0;80;14;5;4;10;9;0;0;1;0;0;0;0;0;0;0
924;50;6;1;3506;735;1;0;1;80;4;3;3;3;2;0;1;0;0;0;0;0;0;0;1
925;50;7;4;2372;603;2;6;1;80;18;2;3;1;0;0;1;0;0;0;0;0;0;0;1
926;50;4;4;10231;531;3;3;0;80;23;3;4;21;7;1;0;0;0;0;0;0;0;0;0
927;50;2;4;5410;429;2;9;1;80;18;2;3;16;14;0;1;0;0;0;0;0;0;1;0
928;50;15;3;7978;621;3;1;0;80;10;2;3;10;7;0;1;0;0;0;1;0;0;0;0
929;100;2;3;3867;193;1;1;1;80;2;2;3;2;2;0;1;0;0;0;0;0;1;0;0
930;100;6;2;2838;968;1;0;0;80;8;6;2;7;0;0;1;0;0;0;0;0;1;0;0
931;0;9;2;4695;879;2;7;1;80;10;3;3;8;4;0;1;0;0;0;0;0;0;1;0
932;50;7;3;3339;806;1;3;1;80;10;2;3;7;7;0;1;0;0;0;0;0;1;0;0
933;50;1;3;2080;640;1;2;0;80;5;2;2;3;2;0;1;0;0;0;0;0;0;0;1
934;50;1;3;2096;266;1;1;0;80;2;3;2;2;2;0;1;0;0;0;0;0;0;0;1
935;50;8;3;6209;604;2;1;0;80;10;4;4;10;7;1;0;0;0;0;0;0;0;0;0
936;100;25;3;18061;364;5;3;0;80;22;4;3;0;0;0;1;0;0;0;0;1;0;0;0
937;50;13;4;17123;412;4;6;1;80;21;4;3;19;9;0;1;0;0;0;0;1;0;0;0
938;50;23;4;2372;848;1;1;0;80;2;3;3;2;2;0;1;0;0;0;0;0;0;0;1
939;50;7;2;4883;1089;2;1;0;80;10;3;3;10;4;0;1;0;0;0;0;0;1;0;0
940;50;23;3;3904;360;1;0;0;80;6;2;3;5;2;0;1;0;0;0;0;0;0;0;1
941;50;6;3;4627;1138;2;0;0;80;10;6;3;9;2;0;1;0;0;0;0;0;1;0;0
942;50;10;4;7094;325;3;3;0;80;10;0;3;7;7;0;1;0;0;0;1;0;0;0;0
943;50;1;2;3423;991;1;6;0;80;10;3;4;7;6;0;0;1;0;0;0;0;0;0;0
944;0;1;3;6674;1476;2;0;0;80;10;6;3;9;8;0;1;0;0;0;0;0;1;0;0
945;50;28;3;16880;1322;4;4;1;80;25;2;3;3;2;0;1;0;0;1;0;0;0;0;0
946;50;25;4;9094;299;3;2;1;80;9;2;3;5;4;1;0;0;0;0;0;0;0;0;0
947;50;5;3;8446;1030;3;9;1;80;10;2;2;8;7;1;0;0;0;0;0;0;0;0;0
948;50;17;4;11916;634;3;1;1;80;9;2;3;9;1;0;1;0;0;0;0;1;0;0;0
949;50;18;2;4534;524;2;0;0;80;9;6;3;8;7;0;1;0;0;0;0;0;0;1;0
950;0;2;4;9852;587;3;1;1;80;10;5;2;10;8;1;0;0;0;0;0;0;0;0;0
951;0;10;2;6151;256;2;1;0;80;19;4;3;19;2;1;0;0;0;0;0;0;0;0;0
952;100;1;3;2302;1060;1;1;1;80;3;2;4;3;2;0;0;0;1;0;0;0;0;0;0
953;50;3;3;2362;935;1;4;0;80;10;4;4;3;2;0;1;0;0;0;0;0;1;0;0
954;0;2;1;17861;495;4;0;1;80;21;3;2;20;8;0;1;0;0;0;0;1;0;0;0
955;50;2;2;19187;282;5;4;0;80;23;5;3;19;9;0;1;0;0;0;0;1;0;0;0
956;50;8;4;19717;206;5;6;0;80;36;4;3;7;3;0;0;0;0;0;0;1;0;0;0
957;0;16;2;3544;458;1;9;0;80;6;0;3;4;2;0;1;0;0;0;0;0;0;0;1
958;50;9;3;8500;943;3;0;0;80;10;0;2;9;7;0;1;0;0;0;1;0;0;0;0
959;50;2;3;4661;523;2;1;0;80;9;4;3;9;8;0;1;0;0;0;0;0;0;0;1
960;100;1;3;4103;1018;2;0;0;80;10;2;3;9;3;1;0;0;0;0;0;0;0;0;0
961;100;4;4;4249;482;2;1;1;80;9;3;3;9;6;0;1;0;0;0;0;0;0;0;1
962;50;5;3;14026;770;4;1;1;80;33;2;3;33;9;0;0;0;0;0;0;1;0;0;0
963;50;2;2;6893;1009;2;3;0;80;11;3;3;7;7;1;0;0;0;0;0;0;0;0;0
964;50;15;2;6125;507;2;1;0;80;10;6;4;10;8;1;0;0;0;0;0;0;0;0;0
965;50;19;1;3669;882;1;3;0;80;7;6;2;3;2;0;1;0;0;0;0;0;1;0;0
966;50;7;4;10008;601;3;7;1;80;31;0;2;10;9;0;1;0;0;0;0;0;0;1;0
967;50;1;4;2387;329;1;3;0;80;7;3;3;4;2;0;1;0;0;0;0;0;1;0;0
968;100;7;3;4639;607;2;2;0;80;17;2;2;15;7;1;0;0;0;0;0;0;0;0;0
969;50;4;3;7898;855;3;1;0;80;11;2;3;10;9;0;1;0;0;0;0;0;0;1;0
970;50;11;3;2534;1291;1;8;0;80;5;4;3;1;0;0;0;0;1;0;0;0;0;0;0
971;50;11;2;13142;1405;4;3;0;80;29;1;2;5;2;0;1;0;0;0;0;0;0;1;0
972;0;1;3;1611;1124;1;1;0;80;0;5;4;0;0;0;1;0;0;0;0;0;1;0;0
973;50;1;3;5363;817;2;0;0;80;10;0;3;9;7;0;1;0;0;0;0;0;1;0;0
974;100;2;1;5071;793;2;3;0;80;8;3;3;6;2;1;0;0;0;0;0;0;0;0;0
975;50;13;4;13695;267;4;6;1;80;24;2;2;19;7;1;0;0;0;0;0;0;0;0;0
976;50;23;3;13402;1369;4;4;1;80;33;0;3;19;16;0;1;0;0;0;0;0;0;1;0
977;0;26;1;2029;999;1;1;0;80;5;2;3;5;4;0;1;0;0;0;0;0;0;0;1
978;50;2;1;6377;1202;2;5;0;80;15;0;3;12;11;0;1;0;0;0;1;0;0;0;0
979;50;29;3;5429;285;2;4;0;80;10;1;3;8;7;0;1;0;0;0;0;0;1;0;0
980;100;2;3;2785;703;1;7;0;80;3;3;4;1;0;0;0;0;1;0;0;0;0;0;0
981;100;18;4;4614;662;2;0;1;80;5;0;2;4;2;1;0;0;0;0;0;0;0;0;0
982;100;7;3;2610;693;1;1;0;80;4;2;3;4;2;0;1;0;0;0;0;0;0;0;1
983;50;2;4;6687;404;2;1;0;80;14;2;4;14;11;0;1;0;0;0;1;0;0;0;0
984;50;26;3;4724;736;2;1;0;80;5;0;3;5;3;1;0;0;0;0;0;0;0;0;0
985;50;22;4;6179;330;2;1;1;80;10;3;2;10;2;0;1;0;0;0;0;0;0;1;0
986;50;21;4;6120;1498;2;3;1;80;8;2;4;5;4;1;0;0;0;0;0;0;0;0;0
987;100;2;3;10596;541;3;2;0;80;14;5;3;4;2;1;0;0;0;0;0;0;0;0;0
988;100;22;3;5467;1200;2;3;1;80;12;4;2;6;2;0;1;0;0;0;0;0;0;0;1
989;50;4;1;2996;1439;1;7;1;80;8;2;3;6;4;0;1;0;0;0;0;0;0;0;1
990;100;5;1;9998;1111;2;6;0;80;8;2;4;5;4;1;0;0;0;0;0;0;0;0;0
991;50;2;1;4078;499;2;0;1;80;4;3;2;3;2;1;0;0;0;0;0;0;0;0;0
992;0;25;2;10920;1485;3;3;0;80;13;2;3;6;4;0;1;0;0;0;1;0;0;0;0
993;50;18;1;6232;1372;2;2;0;80;6;3;2;3;2;1;0;0;0;0;0;0;0;0;0
994;100;28;2;13247;322;4;2;1;80;24;3;2;5;3;0;1;0;0;0;0;0;0;1;0
995;50;6;3;4081;930;2;1;1;80;20;3;1;20;7;0;1;0;0;0;0;0;0;0;1
996;50;10;3;5769;205;2;1;1;80;6;3;3;6;2;1;0;0;0;0;0;0;0;0;0
997;50;17;4;2394;135;1;1;1;80;8;2;3;8;2;0;1;0;0;0;0;0;0;0;1
998;50;2;1;3904;683;1;0;0;80;5;2;3;4;3;0;1;0;0;0;0;0;0;0;1
999;50;10;3;16799;1147;4;0;0;80;21;5;3;20;7;0;0;0;0;0;0;1;0;0;0
1000;50;8;4;2950;258;1;9;0;80;12;2;1;5;4;0;1;0;0;0;0;0;1;0;0
1001;50;11;3;3629;1462;1;4;0;80;8;6;3;3;2;0;1;0;0;0;0;0;1;0;0
1002;100;18;2;9362;200;3;2;0;80;10;2;3;2;2;0;1;0;0;0;0;0;0;1;0
1003;50;1;3;3229;949;1;4;0;80;7;2;2;3;2;0;1;0;0;0;0;0;1;0;0
1004;50;7;3;3578;652;1;0;0;80;8;2;3;7;7;0;1;0;0;0;0;0;1;0;0
1005;50;17;3;7988;332;3;1;0;80;10;3;2;10;9;0;0;1;0;0;0;0;0;0;0
1006;100;28;2;4284;1475;2;3;0;80;20;2;3;4;3;0;1;0;0;0;0;0;1;0;0
1007;100;14;1;7553;337;3;0;1;80;9;1;3;8;7;0;1;0;0;0;1;0;0;0;0
1008;50;1;3;17328;971;4;6;0;80;29;3;2;20;7;0;1;0;0;1;0;0;0;0;0
1009;50;1;3;19701;1055;5;3;1;80;32;3;3;9;8;0;1;0;0;1;0;0;0;0;0
1010;50;1;4;14732;1136;4;2;0;80;31;4;4;7;7;0;1;0;0;1;0;0;0;0;0
1011;50;3;4;9278;1174;2;3;1;80;15;3;3;5;4;1;0;0;0;0;0;0;0;0;0
1012;100;1;4;1359;667;1;1;0;80;1;3;3;1;0;0;0;0;1;0;0;0;0;0;0
1013;50;7;4;4779;855;2;7;0;80;8;3;3;3;2;1;0;0;0;0;0;0;0;0;0
1014;50;8;5;16422;182;4;3;0;80;9;3;4;3;2;0;1;0;0;1;0;0;0;0;0
1015;100;1;4;2996;560;1;5;0;80;10;2;3;4;3;0;1;0;0;0;0;0;0;0;1
1016;50;8;3;1261;202;1;1;0;80;1;3;4;1;0;0;1;0;0;0;0;0;0;0;1
1017;50;11;1;2099;1377;1;0;0;80;6;3;4;5;0;0;1;0;0;0;0;0;1;0;0
1018;50;4;4;5810;172;2;1;0;80;10;2;2;10;4;0;1;0;0;0;0;0;1;0;0
1019;50;16;4;5647;329;2;4;0;80;11;3;2;3;2;1;0;0;0;0;0;0;0;0;0
1020;50;1;3;3420;465;1;7;0;80;17;2;2;6;5;0;1;0;0;0;0;0;0;0;1
1021;50;9;2;4400;383;1;3;0;80;6;2;3;3;2;0;0;0;1;0;0;0;0;0;0
1022;0;5;2;3500;1413;1;0;0;80;7;2;1;6;5;0;1;0;0;0;0;0;1;0;0
1023;50;1;2;2066;1255;1;2;0;80;5;3;4;3;2;0;1;0;0;0;0;0;0;0;1
1024;50;2;4;17169;359;4;3;0;80;26;2;4;20;17;0;1;0;0;1;0;0;0;0;0
1025;50;4;1;4162;1476;2;1;1;80;5;3;3;5;4;1;0;0;0;0;0;0;0;0;0
1026;50;7;5;9204;601;2;4;0;80;7;3;2;4;3;1;0;0;0;0;0;0;0;0;0
1027;50;1;3;3294;401;1;5;0;80;7;2;2;5;4;0;1;0;0;0;0;0;1;0;0
1028;50;5;5;2127;1283;1;2;1;80;7;5;2;4;2;0;1;0;0;0;0;0;0;0;1
1029;0;9;4;3975;663;2;3;0;80;11;2;4;8;7;0;1;0;0;0;0;0;1;0;0
1030;50;8;2;10793;326;3;1;0;80;13;5;3;13;7;1;0;0;0;0;0;0;0;0;0
1031;50;9;3;10096;377;3;4;0;80;28;1;4;7;7;1;0;0;0;0;0;0;0;0;0
1032;0;2;3;3646;592;1;2;1;80;11;2;4;1;0;0;1;0;0;0;0;0;1;0;0
1033;100;1;5;7446;1445;3;1;0;80;10;2;3;10;8;0;1;0;0;0;0;0;0;1;0
1034;50;20;3;10851;1038;3;2;1;80;24;2;3;7;7;0;1;0;0;0;1;0;0;0;0
1035;50;8;2;2109;1398;1;9;0;80;8;3;3;3;2;0;0;1;0;0;0;0;0;0;0
1036;100;2;3;3722;523;1;6;1;80;7;2;1;2;2;0;1;0;0;0;0;0;1;0;0
1037;50;29;3;9380;1448;3;4;1;80;10;4;4;3;1;0;1;0;0;0;0;0;0;1;0
1038;50;7;3;5486;1221;2;4;0;80;15;3;3;2;2;1;0;0;0;0;0;0;0;0;0
1039;50;9;4;2742;1107;1;1;0;80;2;0;3;2;2;0;0;1;0;0;0;0;0;0;0
1040;0;8;1;13757;218;3;2;0;80;16;5;3;9;8;0;1;0;0;1;0;0;0;0;0
1041;50;5;3;8463;866;2;0;0;80;6;4;3;5;4;1;0;0;0;0;0;0;0;0;0
1042;0;5;3;3162;981;1;3;0;80;7;5;3;5;2;0;1;0;0;0;0;0;1;0;0
1043;50;2;3;16598;447;4;4;0;80;35;2;2;9;8;0;1;0;0;1;0;0;0;0;0
1044;50;5;4;6651;1495;2;2;0;80;20;0;2;3;2;0;1;0;0;0;1;0;0;0;0
1045;50;2;3;2345;896;1;2;0;80;8;3;4;3;1;0;1;0;0;0;0;0;0;0;1
1046;50;20;3;3420;1467;1;1;0;80;6;3;2;5;2;0;1;0;0;0;0;0;0;0;1
1047;100;7;3;4373;430;2;0;0;80;5;2;3;4;3;1;0;0;0;0;0;0;0;0;0
1048;50;3;3;4759;1326;2;3;0;80;15;2;3;13;9;1;0;0;0;0;0;0;0;0;0
1049;50;16;1;5301;1358;2;8;0;80;4;2;2;2;1;1;0;0;0;0;0;0;0;0;0
1050;100;9;2;3673;748;1;1;0;80;12;3;3;12;9;0;1;0;0;0;0;0;1;0;0
1051;100;1;5;4768;383;2;7;0;80;11;4;2;1;0;1;0;0;0;0;0;0;0;0;0
1052;0;7;3;1274;990;1;1;0;80;1;2;2;1;0;0;1;0;0;0;0;0;0;0;1
1053;50;1;2;4900;405;2;0;0;80;13;2;2;12;9;0;1;0;0;0;0;0;0;0;1
1054;50;7;4;10466;1490;3;3;0;80;29;3;3;8;7;0;1;0;0;0;1;0;0;0;0
1055;100;15;3;17007;829;4;7;0;80;16;3;2;14;8;0;1;0;0;1;0;0;0;0;0
1056;100;1;3;2909;1496;1;3;0;80;5;3;4;3;2;0;0;0;1;0;0;0;0;0;0
1057;100;13;3;5765;115;2;5;0;80;7;4;1;5;3;1;0;0;0;0;0;0;0;0;0
1058;50;24;4;4599;790;2;0;1;80;16;2;4;15;9;1;0;0;0;0;0;0;0;0;0
1059;50;7;1;2404;660;1;1;0;80;1;3;3;1;0;0;0;0;1;0;0;0;0;0;0
1060;100;9;3;3172;381;1;2;1;80;4;2;2;0;0;0;1;0;0;0;0;0;1;0;0
1061;0;13;2;2033;830;1;1;0;80;1;2;3;1;0;0;0;0;1;0;0;0;0;0;0
1062;100;2;1;10209;1193;3;5;1;80;16;2;2;2;2;0;1;0;0;0;0;0;0;1;0
1063;50;19;3;8620;1246;2;1;0;80;10;3;3;10;7;1;0;0;0;0;0;0;0;0;0
1064;50;1;3;2064;330;1;0;0;80;6;3;4;5;3;0;0;1;0;0;0;0;0;0;0
1065;50;4;4;4035;1229;2;0;1;80;4;2;3;3;2;0;1;0;0;0;1;0;0;0;0
1066;50;4;4;3838;1099;1;8;0;80;8;5;3;5;4;0;1;0;0;0;0;0;1;0;0
1067;50;14;3;4591;571;2;3;1;80;11;4;2;5;4;1;0;0;0;0;0;0;0;0;0
1068;100;2;2;2561;289;1;7;0;80;8;2;2;0;0;0;1;0;0;0;0;0;1;0;0
1069;50;1;3;1563;1423;1;1;0;80;1;2;1;1;0;0;1;0;0;0;0;0;0;0;1
1070;100;7;3;4898;467;2;0;0;80;5;5;3;4;2;1;0;0;0;0;0;0;0;0;0
1071;50;3;2;4789;271;2;4;0;80;10;3;3;3;2;0;1;0;0;0;0;0;1;0;0
1072;100;2;1;3180;410;1;0;0;80;4;3;3;3;2;0;1;0;0;0;0;0;1;0;0
1073;50;29;1;6549;1083;2;1;0;80;8;2;2;8;6;0;1;0;0;0;0;0;0;1;0
1074;50;8;5;6388;516;2;2;1;80;14;6;3;0;0;0;1;0;0;0;1;0;0;0;0
1075;50;10;3;11244;495;3;2;0;80;10;5;4;5;2;0;1;0;0;0;0;1;0;0;0
1076;100;11;4;16032;1050;4;3;0;80;26;2;3;14;9;0;1;0;0;0;0;1;0;0;0
1077;50;1;4;2362;224;1;6;0;80;11;2;1;9;7;0;1;0;0;0;0;0;0;0;1
1078;50;28;3;16328;136;4;3;0;80;24;1;4;20;6;0;1;0;0;1;0;0;0;0;0
1079;50;6;3;8376;1089;3;4;0;80;9;3;3;2;0;0;1;0;0;0;0;0;0;1;0
1080;50;3;3;16606;228;4;8;0;80;23;2;4;13;12;0;0;0;0;0;0;1;0;0;0
1081;50;16;3;8606;1029;3;1;0;80;11;3;1;11;8;0;1;0;0;0;1;0;0;0;0
1082;50;20;1;2272;507;2;0;0;80;5;2;3;4;3;0;1;0;0;0;0;0;1;0;0
1083;50;9;4;2018;676;1;3;0;80;15;3;1;5;4;0;1;0;0;0;0;0;1;0;0
1084;50;1;3;7083;971;3;1;1;80;10;3;3;10;9;1;0;0;0;0;0;0;0;0;0
1085;100;3;3;4084;561;1;1;0;80;7;2;1;7;2;0;1;0;0;0;0;0;0;0;1
1086;100;22;5;14411;333;4;1;1;80;32;2;3;32;6;0;1;0;0;1;0;0;0;0;0
1087;50;7;2;2308;1440;1;0;1;80;12;4;3;11;10;0;0;0;1;0;0;0;0;0;0
1088;50;2;3;4841;1210;1;4;0;80;4;3;3;1;0;0;1;0;0;0;0;0;1;0;0
1089;50;13;3;4285;674;2;1;0;80;10;2;3;10;8;0;1;0;0;0;0;0;0;0;1
1090;50;8;1;9715;441;2;3;0;80;9;3;3;7;7;0;1;0;0;0;1;0;0;0;0
1091;50;25;3;4320;575;2;1;0;80;5;2;3;5;3;0;1;0;0;0;0;0;0;1;0
1092;50;28;3;2132;950;1;4;0;80;8;3;3;5;4;0;1;0;0;0;0;0;0;0;1
1093;100;2;3;10124;288;3;2;1;80;24;3;1;20;8;0;1;0;0;0;1;0;0;0;0
1094;50;9;2;5473;1342;2;0;0;80;9;5;4;8;4;1;0;0;0;0;0;0;0;0;0
1095;50;28;4;5207;589;2;1;1;80;15;3;3;15;14;0;1;0;0;0;0;0;1;0;0
1096;50;6;2;16437;898;4;1;1;80;21;2;3;21;7;0;0;0;0;0;0;1;0;0;0
1097;50;21;2;2296;350;1;0;0;80;2;3;3;1;1;0;1;0;0;0;0;0;1;0;0
1098;0;8;2;4069;1142;2;3;1;80;8;2;3;2;2;0;1;0;0;0;1;0;0;0;0
1099;50;1;4;7441;538;3;1;0;80;10;4;3;10;8;0;1;0;0;0;1;0;0;0;0
1100;50;28;4;2430;1402;1;0;0;80;6;5;3;5;3;0;0;0;1;0;0;0;0;0;0
1101;50;5;2;5878;824;2;3;0;80;12;2;3;7;1;0;1;0;0;0;0;0;0;0;1
1102;50;2;4;2644;1157;1;3;1;80;7;3;2;3;2;0;0;0;1;0;0;0;0;0;0
1103;50;16;4;6439;492;2;8;0;80;18;2;3;8;7;1;0;0;0;0;0;0;0;0;0
1104;50;9;3;2451;598;1;6;0;80;5;2;2;1;0;0;1;0;0;0;0;0;0;0;1
1105;50;8;4;6392;1242;2;2;0;80;8;6;1;2;2;1;0;0;0;0;0;0;0;0;0
1106;50;1;3;9714;740;2;1;0;80;10;4;3;10;8;1;0;0;0;0;0;0;0;0;0
1107;100;10;4;6077;888;2;3;0;80;10;2;3;6;3;0;0;1;0;0;0;0;0;0;0
1108;50;1;3;2450;992;1;1;0;80;3;3;3;3;0;0;1;0;0;0;0;0;1;0;0
1109;50;29;4;9250;1288;3;3;0;80;9;3;3;4;2;1;0;0;0;0;0;0;0;0;0
1110;50;2;3;2074;104;1;1;1;80;1;2;3;1;0;0;1;0;0;0;0;0;1;0;0
1111;50;2;5;10169;607;3;0;0;80;34;4;3;33;7;0;1;0;0;0;0;0;0;1;0
1112;50;2;3;4855;903;2;4;0;80;7;2;3;5;2;0;1;0;0;0;0;0;0;1;0
1113;0;1;4;4087;1200;2;4;0;80;9;3;2;6;5;0;1;0;0;0;0;0;0;0;1
1114;50;15;4;2367;1108;1;8;0;80;10;3;2;8;2;0;1;0;0;0;0;0;0;0;1
1115;50;7;4;2972;479;1;1;0;80;1;4;1;1;0;0;1;0;0;0;0;0;0;0;1
1116;50;26;5;19586;685;5;1;0;80;36;3;3;36;6;0;0;0;0;0;0;1;0;0;0
1117;50;1;4;5484;1351;2;9;0;80;9;3;2;2;2;0;1;0;0;0;0;0;0;0;1
1118;50;3;3;2061;474;1;1;0;80;1;5;3;1;0;0;1;0;0;0;0;0;0;0;1
1119;50;14;3;9924;1245;2;0;0;80;10;3;3;9;8;1;0;0;0;0;0;0;0;0;0
1120;50;16;3;4198;437;2;2;0;80;8;5;4;3;2;1;0;0;0;0;0;0;0;0;0
1121;50;1;4;6815;884;2;6;0;80;15;5;3;1;0;1;0;0;0;0;0;0;0;0;0
1122;50;3;1;4723;1370;1;1;1;80;10;3;3;10;9;0;1;0;0;0;0;0;1;0;0
1123;50;10;4;6142;670;2;3;1;80;10;4;3;5;2;0;1;0;0;0;1;0;0;0;0
1124;50;6;3;8237;1462;3;2;0;80;11;3;3;7;6;1;0;0;0;0;0;0;0;0;0
1125;100;2;1;8853;995;2;1;0;80;6;0;4;6;4;0;1;0;0;0;1;0;0;0;0
1126;50;9;3;19331;264;5;4;1;80;27;2;3;1;0;0;0;0;0;0;0;1;0;0;0
1127;50;10;3;2073;977;1;2;0;80;4;2;3;2;2;0;1;0;0;0;0;0;0;0;1
1128;100;6;4;5562;1302;2;3;1;80;9;3;3;3;2;0;1;0;0;0;0;0;1;0;0
1129;50;9;2;19613;1059;5;8;0;80;24;2;3;1;0;0;1;0;0;0;0;1;0;0;0
1130;50;28;3;3407;750;2;1;0;80;10;3;2;10;9;0;1;0;0;0;0;0;1;0;0
1131;100;10;4;5063;653;2;1;0;80;8;3;2;8;2;0;1;0;0;0;1;0;0;0;0
1132;50;14;2;4639;118;2;1;0;80;5;2;3;5;4;1;0;0;0;0;0;0;0;0;0
1133;50;27;3;4876;990;1;5;0;80;8;0;3;6;4;0;1;0;0;0;0;0;1;0;0
1134;50;7;2;2690;1349;1;1;0;80;1;5;2;1;0;0;1;0;0;0;0;0;1;0;0
1135;50;1;4;17567;563;4;1;0;80;27;5;1;26;0;0;0;0;0;0;0;1;0;0;0
1136;50;24;3;2408;329;1;1;1;80;1;3;3;1;1;0;1;0;0;0;0;0;1;0;0
1137;0;26;2;2814;457;1;1;1;80;4;2;2;4;2;0;1;0;0;0;0;0;0;0;1
1138;100;20;5;11245;1234;4;2;1;80;32;3;3;30;8;0;1;0;0;0;1;0;0;0;0
1139;50;5;4;3312;634;1;3;0;80;6;3;3;3;2;0;1;0;0;0;0;0;0;0;1
1140;50;7;3;19049;1313;5;0;1;80;23;4;2;22;7;0;1;0;0;1;0;0;0;0;0
1141;50;7;3;2141;241;1;1;0;80;6;3;2;6;4;0;1;0;0;0;0;0;0;0;1
1142;50;5;5;5769;1015;2;1;1;80;10;3;3;10;7;0;1;0;0;0;0;0;1;0;0
1143;0;26;3;4385;336;2;1;0;80;10;2;3;10;7;1;0;0;0;0;0;0;0;0;0
1144;100;2;4;5332;715;2;7;0;80;10;3;3;5;2;1;0;0;0;0;0;0;0;0;0
1145;50;12;4;4663;559;2;9;1;80;7;2;3;3;2;0;1;0;0;0;0;0;0;1;0
1146;100;10;4;4724;426;2;1;0;80;9;3;3;9;7;0;1;0;0;0;0;0;0;1;0
1147;50;25;4;3211;722;1;1;0;80;10;3;2;9;6;0;1;0;0;0;0;0;1;0;0
1148;50;10;5;5377;1387;2;2;0;80;10;3;3;7;7;0;1;0;0;0;0;0;0;1;0
1149;50;19;3;4066;1302;1;1;0;80;7;3;3;7;7;0;1;0;0;0;0;0;1;0;0
1150;50;18;5;5208;819;2;1;0;80;16;2;3;16;15;0;1;0;0;0;0;0;0;0;1
1151;50;27;3;4877;580;2;0;0;80;6;5;2;5;3;0;1;0;0;0;0;0;0;1;0
1152;50;5;1;3117;546;1;1;0;80;3;2;3;2;2;0;1;0;0;0;0;0;0;0;1
1153;100;3;2;1569;544;1;1;1;80;0;2;4;0;0;0;0;0;1;0;0;0;0;0;0
1154;50;26;4;19658;1176;5;3;0;80;27;2;3;5;2;0;0;0;0;0;0;1;0;0;0
1155;50;3;2;3069;170;2;0;0;80;11;3;3;10;8;0;1;0;0;0;0;0;1;0;0
1156;50;15;3;10435;884;3;1;0;80;18;2;3;18;15;0;1;0;0;0;0;0;0;1;0
1157;0;8;4;4148;208;2;1;0;80;15;5;3;14;11;0;1;0;0;0;1;0;0;0;0
1158;50;19;3;5768;671;2;3;0;80;9;2;2;4;3;0;1;0;0;0;0;0;0;1;0
1159;100;4;3;5042;711;2;0;0;80;10;2;1;9;2;0;1;0;0;0;0;0;0;1;0
1160;50;2;2;5770;1329;2;1;0;80;10;3;3;10;7;0;1;0;0;0;0;0;0;1;0
1161;50;2;2;7756;397;3;3;1;80;10;6;4;5;4;0;1;0;0;0;0;0;0;1;0
1162;50;10;3;10306;737;3;9;0;80;15;3;3;13;12;1;0;0;0;0;0;0;0;0;0
1163;50;10;3;3936;1470;1;1;0;80;8;2;1;8;4;0;1;0;0;0;0;0;0;0;1
1164;50;16;3;7945;448;3;6;1;80;18;2;2;4;2;0;1;0;0;0;0;0;0;1;0
1165;100;1;5;5743;602;2;4;1;80;14;3;3;10;7;0;0;1;0;0;0;0;0;0;0
1166;100;4;5;15202;365;4;2;0;80;23;3;3;2;2;0;1;0;0;0;0;1;0;0;0
1167;50;15;2;5440;763;2;6;1;80;7;2;2;2;2;1;0;0;0;0;0;0;0;0;0
1168;100;2;1;3760;567;1;1;1;80;6;2;3;6;3;0;1;0;0;0;0;0;0;0;1
1169;50;8;3;3517;486;1;7;0;80;5;0;3;3;2;0;1;0;0;0;0;0;0;0;1
1170;100;2;3;2580;591;1;2;0;80;6;0;2;4;2;0;1;0;0;0;0;0;0;0;1
1171;50;7;3;2166;1329;1;3;1;80;10;3;1;4;2;0;1;0;0;0;0;0;1;0;0
1172;50;10;3;5869;469;2;9;0;80;8;2;3;5;2;1;0;0;0;0;0;0;0;0;0
1173;50;5;4;8008;711;3;4;0;80;9;6;3;3;2;0;1;0;0;0;1;0;0;0;0
1174;100;2;1;5206;772;2;1;0;80;7;6;3;7;7;0;1;0;0;0;0;0;0;1;0
1175;50;12;3;5295;492;2;4;0;80;7;3;3;5;4;0;1;0;0;0;0;0;0;1;0
1176;50;22;4;16413;301;4;3;0;80;27;2;3;4;2;0;1;0;0;1;0;0;0;0;0
1177;50;17;5;13269;813;3;5;0;80;19;3;3;14;11;0;1;0;0;1;0;0;0;0;0
1178;50;2;3;2783;1141;1;1;0;80;2;3;3;2;2;0;0;0;1;0;0;0;0;0;0
1179;50;3;3;5433;1130;2;1;0;80;11;2;3;11;8;0;1;0;0;0;0;0;0;0;1
1180;50;7;3;2013;311;1;2;0;80;15;4;3;4;3;0;1;0;0;0;0;0;1;0;0
1181;50;6;1;13966;465;4;2;1;80;30;3;3;15;11;0;1;0;0;0;1;0;0;0;0
1182;0;1;4;4374;894;2;0;0;80;4;6;3;3;2;0;1;0;0;0;0;0;0;1;0
1183;50;3;2;6842;1040;2;6;0;80;13;3;3;5;4;0;1;0;0;0;1;0;0;0;0
1184;50;22;5;17426;584;4;3;0;80;36;6;3;10;8;0;1;0;0;0;0;1;0;0;0
1185;50;15;2;17603;1291;4;1;0;80;14;3;3;14;10;0;1;0;0;1;0;0;0;0;0
1186;100;12;4;4581;880;2;3;1;80;13;2;4;11;9;1;0;0;0;0;0;0;0;0;0
1187;100;1;3;4735;1189;2;7;0;80;19;4;4;13;11;0;1;0;0;0;0;0;0;0;1
1188;50;5;3;4187;991;2;1;1;80;10;3;2;10;0;1;0;0;0;0;0;0;0;0;0
1189;50;2;4;5505;392;2;1;0;80;6;5;3;6;2;1;0;0;0;0;0;0;0;0;0
1190;50;2;3;5470;977;2;0;0;80;10;4;2;9;5;0;1;0;0;0;0;0;0;0;1
1191;50;5;4;5476;1112;2;1;0;80;10;2;3;10;0;1;0;0;0;0;0;0;0;0;0
1192;50;16;3;2587;464;1;4;1;80;17;2;2;2;2;0;1;0;0;0;0;0;1;0;0
1193;100;2;3;2440;148;1;1;0;80;4;3;3;4;3;0;1;0;0;0;0;0;1;0;0
1194;50;2;4;15972;1225;4;6;0;80;29;2;3;3;2;0;0;0;0;0;0;1;0;0;0
1195;50;1;3;15379;809;4;4;0;80;23;2;3;8;7;0;1;0;0;0;0;1;0;0;0
1196;50;23;2;7082;1206;3;3;1;80;21;2;3;2;0;1;0;0;0;0;0;0;0;0;0
1197;50;9;1;2728;727;1;1;0;80;2;3;3;2;2;0;0;0;1;0;0;0;0;0;0
1198;0;16;3;5368;530;2;1;1;80;7;2;3;6;5;1;0;0;0;0;0;0;0;0;0
1199;50;26;4;5347;1351;2;6;0;80;10;2;2;3;2;0;1;0;0;0;1;0;0;0;0
1200;50;1;3;3195;528;1;4;1;80;8;2;3;2;2;0;0;1;0;0;0;0;0;0;0
1201;50;8;1;3989;1320;1;1;1;80;5;2;3;5;4;0;1;0;0;0;0;0;1;0;0
1202;50;4;2;3306;1495;1;7;0;80;7;5;2;0;0;0;1;0;0;0;0;0;1;0;0
1203;50;24;4;7005;1395;3;3;0;80;11;2;3;4;3;0;1;0;0;0;1;0;0;0;0
1204;100;7;2;2655;708;1;2;1;80;19;3;3;9;7;0;0;0;1;0;0;0;0;0;0
1205;50;2;4;1393;1259;1;1;0;80;1;2;3;1;0;0;1;0;0;0;0;0;1;0;0
1206;0;7;3;2570;786;1;1;0;80;7;5;3;7;7;0;1;0;0;0;0;0;1;0;0
1207;50;22;3;3537;1441;1;5;0;80;8;1;3;4;2;0;1;0;0;0;0;0;0;0;1
1208;50;5;2;3986;1157;2;1;0;80;15;3;4;15;10;0;1;0;0;0;0;0;1;0;0
1209;50;1;4;10883;370;3;3;0;80;19;2;4;1;0;0;1;0;0;0;1;0;0;0;0
1210;50;21;3;2028;267;1;1;0;80;14;6;3;14;11;0;1;0;0;0;0;0;1;0;0
1211;100;1;4;9525;1278;2;1;0;80;6;2;2;6;3;1;0;0;0;0;0;0;0;0;0
1212;50;19;3;2929;678;1;1;0;80;10;3;3;10;9;0;1;0;0;0;0;0;0;0;1
1213;50;7;3;2275;427;1;1;1;80;3;2;3;3;2;0;0;0;1;0;0;0;0;0;0
1214;50;2;3;7879;921;3;1;1;80;9;2;3;8;7;0;1;0;0;0;1;0;0;0;0
1215;100;2;4;4930;146;1;0;1;80;6;2;4;5;4;0;1;0;0;0;0;0;0;0;1
1216;50;2;3;7847;1179;2;1;1;80;10;3;3;10;9;1;0;0;0;0;0;0;0;0;0
1217;50;9;3;4401;581;1;1;0;80;5;1;3;5;3;0;1;0;0;0;0;0;0;0;1
1218;50;6;3;9241;918;3;1;0;80;10;3;3;10;8;1;0;0;0;0;0;0;0;0;0
1219;50;9;4;2974;1082;1;9;0;80;9;2;3;5;3;0;1;0;0;0;0;0;1;0;0
1220;50;2;4;4502;530;2;3;0;80;17;2;2;13;7;0;0;0;1;0;0;0;0;0;0
1221;0;1;1;10748;1238;3;3;0;80;25;3;2;23;15;0;1;0;0;0;1;0;0;0;0
1222;50;22;1;1555;240;1;1;0;80;1;2;3;1;0;0;0;1;0;0;0;0;0;0;0
1223;100;9;3;12936;1093;4;7;0;80;25;3;1;23;5;1;0;0;0;0;0;0;0;0;0
1224;50;17;4;2305;390;1;1;0;80;3;3;4;3;2;0;1;0;0;0;0;0;1;0;0
1225;50;28;2;16704;1005;4;1;0;80;21;2;3;21;6;0;1;0;0;1;0;0;0;0;0
1226;100;10;3;3433;585;1;6;0;80;10;3;2;5;2;0;1;0;0;0;0;0;0;0;1
1227;50;2;4;3477;741;1;1;0;80;6;2;4;5;2;0;1;0;0;0;0;0;1;0;0
1228;0;4;3;6430;552;2;6;0;80;10;4;3;3;2;0;0;1;0;0;0;0;0;0;0
1229;50;8;2;6516;369;2;2;1;80;18;3;3;1;0;0;1;0;0;0;0;0;0;1;0
1230;50;29;1;3907;506;1;1;0;80;6;2;4;6;2;0;1;0;0;0;0;0;1;0;0
1231;50;13;4;5562;717;2;6;0;80;19;3;3;10;7;0;1;0;0;0;1;0;0;0;0
1232;50;27;4;6883;1370;2;2;0;80;17;3;3;7;7;0;1;0;0;0;0;0;0;1;0
1233;50;16;1;2862;793;1;1;0;80;10;2;2;10;0;0;1;0;0;0;0;0;0;0;1
1234;0;2;4;4978;543;2;7;0;80;4;3;1;1;0;1;0;0;0;0;0;0;0;0;0
1235;50;2;3;10368;1277;3;4;1;80;13;5;2;10;6;1;0;0;0;0;0;0;0;0;0
1236;50;13;5;6134;1456;2;5;1;80;16;3;3;2;2;1;0;0;0;0;0;0;0;0;0
1237;50;1;2;6735;964;2;6;0;80;10;2;3;0;0;1;0;0;0;0;0;0;0;0;0
1238;50;4;1;3295;160;1;1;0;80;3;3;1;3;2;0;1;0;0;0;0;0;1;0;0
1239;100;24;1;5238;163;2;2;0;80;9;3;2;5;4;0;1;0;0;0;0;0;0;1;0
1240;0;1;3;6472;792;2;1;1;80;9;2;3;9;8;0;1;0;0;0;0;0;1;0;0
1241;50;19;3;9610;371;3;3;0;80;10;2;1;4;3;1;0;0;0;0;0;0;0;0;0
1242;50;7;4;19833;611;5;1;0;80;21;3;2;21;8;0;0;0;0;0;0;1;0;0;0
1243;50;4;3;9756;176;3;4;0;80;9;2;4;5;0;0;0;1;0;0;0;0;0;0;0
1244;100;2;4;4968;1312;1;0;0;80;10;2;3;9;7;0;1;0;0;0;0;0;0;0;1
1245;100;10;3;2145;897;1;0;0;80;3;2;3;2;2;0;0;1;0;0;0;0;0;0;0
1246;100;8;3;2180;600;1;6;0;80;6;0;2;4;2;0;0;1;0;0;0;0;0;0;0
1247;50;5;3;8346;1003;2;1;0;80;6;3;3;5;2;1;0;0;0;0;0;0;0;0;0
1248;50;8;3;3445;1054;1;1;0;80;6;5;2;6;2;0;1;0;0;0;0;0;0;0;1
1249;50;9;3;2760;428;1;1;0;80;2;3;3;2;2;0;0;0;1;0;0;0;0;0;0
1250;100;1;3;6294;461;2;8;1;80;10;5;4;3;2;0;1;0;0;0;1;0;0;0;0
1251;50;15;2;7140;979;3;2;0;80;12;2;3;7;7;1;0;0;0;0;0;0;0;0;0
1252;50;2;4;2932;181;1;0;1;80;6;3;3;5;0;0;1;0;0;0;0;0;0;0;1
1253;0;2;3;5147;1283;2;8;0;80;13;2;2;11;7;1;0;0;0;0;0;0;0;0;0
1254;50;11;4;4507;1313;2;3;0;80;8;1;4;5;1;1;0;0;0;0;0;0;0;0;0
1255;50;16;3;8564;211;3;2;1;80;11;2;2;0;0;1;0;0;0;0;0;0;0;0;0
1256;100;2;2;2468;594;1;4;0;80;9;4;2;6;1;0;1;0;0;0;0;0;1;0;0
1257;50;16;4;8161;1079;3;2;0;80;10;2;3;1;0;1;0;0;0;0;0;0;0;0;0
1258;50;4;3;2109;590;1;1;0;80;1;2;3;1;0;0;1;0;0;0;0;0;0;0;1
1259;50;16;3;5294;305;2;3;0;80;10;3;3;7;0;0;1;0;0;0;1;0;0;0;0
1260;0;5;4;2718;953;1;2;0;80;12;3;3;7;7;0;1;0;0;0;0;0;0;0;1
1261;50;18;3;5811;833;2;3;1;80;15;2;3;1;0;0;1;0;0;0;1;0;0;0;0
1262;100;17;3;2437;807;1;9;1;80;6;4;3;1;0;0;1;0;0;0;0;0;0;0;1
1263;50;12;3;2766;855;1;8;0;80;7;6;2;5;3;0;1;0;0;0;0;0;1;0;0
1264;50;2;3;19038;478;5;8;0;80;34;2;3;1;0;0;1;0;0;1;0;0;0;0;0
1265;0;4;3;3055;775;2;5;0;80;11;2;2;9;8;0;1;0;0;0;0;0;0;0;1
1266;50;9;4;2289;548;1;1;0;80;5;2;3;5;3;0;1;0;0;0;0;0;1;0;0
1267;0;10;3;4001;1375;2;1;1;80;15;3;3;15;14;1;0;0;0;0;0;0;0;0;0
1268;0;1;4;12965;661;4;4;1;80;27;2;2;3;2;0;1;0;0;0;0;0;0;1;0
1269;50;2;3;3539;244;1;0;0;80;10;5;3;9;7;0;0;1;0;0;0;0;0;0;0
1270;50;3;2;6029;511;2;5;0;80;6;3;3;2;2;1;0;0;0;0;0;0;0;0;0
1271;50;7;1;2679;337;1;1;0;80;1;3;3;1;0;0;0;0;1;0;0;0;0;0;0
1272;50;6;2;3702;1153;1;1;0;80;5;3;3;5;4;0;1;0;0;0;0;0;1;0;0
1273;50;8;1;2398;1294;1;1;1;80;1;6;3;1;0;0;1;0;0;0;0;0;1;0;0
1274;50;29;4;5468;196;2;1;0;80;13;3;3;12;7;1;0;0;0;0;0;0;0;0;0
1275;50;3;3;13116;942;3;2;0;80;15;2;3;2;2;0;1;0;0;0;0;1;0;0;0
1276;50;9;2;4189;589;2;1;0;80;5;2;3;5;2;1;0;0;0;0;0;0;0;0;0
1277;50;2;4;19328;734;5;7;1;80;24;3;3;2;1;0;1;0;0;1;0;0;0;0;0
1278;50;10;3;8321;1383;3;7;1;80;15;1;3;12;8;0;1;0;0;0;1;0;0;0;0
1279;100;1;2;2342;429;1;1;1;80;6;2;2;5;3;0;1;0;0;0;0;0;0;0;1
1280;50;8;2;4071;1239;2;2;0;80;19;4;2;10;0;0;0;1;0;0;0;0;0;0;0
1281;50;27;3;5813;303;2;1;1;80;10;2;3;10;7;1;0;0;0;0;0;0;0;0;0
1282;50;8;4;3143;867;1;6;0;80;14;1;3;10;8;0;1;0;0;0;0;0;0;0;1
1283;50;1;3;2044;1181;1;1;0;80;5;6;4;5;3;0;1;0;0;0;0;0;0;0;1
1284;50;10;1;13464;1253;3;7;0;80;9;3;3;4;3;0;1;0;0;1;0;0;0;0;0
1285;0;26;2;7991;849;2;8;0;80;6;3;3;2;2;1;0;0;0;0;0;0;0;0;0
1286;50;2;2;3377;616;1;4;0;80;7;5;2;4;3;0;1;0;0;0;0;0;1;0;0
1287;50;13;3;5538;1128;2;5;0;80;10;2;2;0;0;0;1;0;0;0;1;0;0;0;0
1288;0;2;2;5762;1180;2;2;0;80;15;6;3;7;7;0;1;0;0;0;0;0;0;1;0
1289;0;2;3;2592;1336;1;5;0;80;13;3;3;11;10;0;0;1;0;0;0;0;0;0;0
1290;100;9;4;5346;234;2;4;0;80;11;3;2;7;1;0;1;0;0;0;0;0;1;0;0
1291;50;10;4;4213;370;2;1;0;80;10;4;1;10;3;0;1;0;0;0;0;0;0;1;0
1292;100;20;3;4127;766;2;2;0;80;7;6;3;2;1;1;0;0;0;0;0;0;0;0;0
1293;0;9;3;2438;343;1;4;0;80;7;2;2;3;2;0;1;0;0;0;0;0;0;0;1
1294;50;5;3;6870;447;2;3;0;80;11;3;1;3;2;0;1;0;0;0;1;0;0;0;0
1295;50;4;1;10447;796;3;0;1;80;23;3;4;22;14;1;0;0;0;0;0;0;0;0;0
1296;50;10;3;9667;1092;3;9;0;80;9;3;3;7;7;0;1;0;0;0;0;0;0;1;0
1297;50;20;2;2148;920;1;0;1;80;6;3;3;5;1;0;0;1;0;0;0;0;0;0;0
1298;50;21;2;8926;261;2;4;0;80;13;2;4;9;7;0;1;0;0;0;1;0;0;0;0
1299;50;1;3;6513;1194;2;4;0;80;12;3;3;5;3;0;1;0;0;0;1;0;0;0;0
1300;50;8;2;6799;810;2;1;0;80;10;5;3;10;8;1;0;0;0;0;0;0;0;0;0
1301;0;2;3;16291;350;4;4;0;80;37;0;2;16;9;0;0;0;0;0;0;1;0;0;0
1302;50;23;4;2705;185;1;0;0;80;6;2;4;5;4;0;1;0;0;0;0;0;1;0;0
1303;50;4;3;10333;1001;3;8;1;80;28;4;3;22;11;0;1;0;0;0;0;0;0;1;0
1304;50;12;3;4448;750;2;2;0;80;15;3;3;7;4;0;1;0;0;0;1;0;0;0;0
1305;50;7;4;6854;431;2;4;0;80;14;2;2;7;1;0;1;0;0;0;0;0;0;0;1
1306;100;7;4;9637;1125;3;2;0;80;9;3;3;3;2;1;0;0;0;0;0;0;0;0;0
1307;50;1;3;3591;1217;1;1;0;80;3;3;3;3;2;0;1;0;0;0;0;0;0;0;1
1308;50;2;4;5405;723;2;2;1;80;20;4;2;4;2;0;0;0;1;0;0;0;0;0;0
1309;50;10;3;4684;572;2;1;0;80;5;4;3;5;3;1;0;0;0;0;0;0;0;0;0
1310;100;15;4;15787;1216;4;2;1;80;23;3;3;2;2;0;1;0;0;1;0;0;0;0;0
1311;0;14;3;1514;1431;1;1;0;80;0;4;1;0;0;0;1;0;0;0;0;0;0;0;1
1312;50;18;5;2956;359;1;0;0;80;2;4;3;1;0;0;0;1;0;0;0;0;0;0;0
1313;50;13;3;2335;350;1;4;1;80;4;3;3;2;2;0;0;1;0;0;0;0;0;0;0
1314;0;2;4;5154;589;2;4;0;80;10;3;4;8;7;1;0;0;0;0;0;0;0;0;0
1315;50;2;4;6962;430;2;4;1;80;15;2;3;1;0;0;1;0;0;0;0;0;0;0;1
1316;100;2;4;5675;1422;2;1;0;80;7;5;3;7;7;1;0;0;0;0;0;0;0;0;0
1317;100;5;2;2379;1297;1;0;1;80;6;3;2;5;4;0;1;0;0;0;0;0;1;0;0
1318;100;20;1;3812;574;1;1;0;80;11;3;4;11;8;0;1;0;0;0;0;0;1;0;0
1319;100;10;4;4648;1318;2;8;0;80;4;2;4;0;0;1;0;0;0;0;0;0;0;0;0
1320;0;10;4;2936;355;1;3;0;80;10;1;2;6;3;0;1;0;0;0;0;0;0;0;1
1321;50;9;4;2105;207;1;4;0;80;7;2;3;2;2;0;1;0;0;0;0;0;1;0;0
1322;50;2;2;8578;706;3;3;0;80;12;4;2;9;8;0;1;0;0;0;0;0;0;1;0
1323;0;1;2;2706;280;1;1;0;80;3;2;3;3;2;0;0;1;0;0;0;0;0;0;0
1324;50;29;1;6384;726;2;8;0;80;11;3;3;7;0;0;1;0;0;0;1;0;0;0;0
1325;50;8;3;3968;1142;1;4;0;80;8;3;3;0;0;0;1;0;0;0;0;0;1;0;0
1326;50;2;4;9907;414;2;7;1;80;7;3;2;2;2;1;0;0;0;0;0;0;0;0;0
1327;50;3;3;13225;1319;4;2;0;80;25;5;3;19;17;1;0;0;0;0;0;0;0;0;0
1328;50;23;1;3540;728;2;1;0;80;9;5;3;9;8;0;0;0;1;0;0;0;0;0;0
1329;50;6;1;2804;352;1;1;0;80;1;3;3;1;0;0;0;1;0;0;0;0;0;0;0
1330;50;6;3;19392;823;5;7;0;80;21;2;3;16;12;0;1;0;0;0;0;1;0;0;0
1331;50;10;3;19665;1224;5;4;0;80;29;3;3;22;10;0;1;0;0;1;0;0;0;0;0
1332;100;24;2;2439;459;1;1;1;80;1;3;2;1;0;0;1;0;0;0;0;0;0;0;1
1333;50;10;3;7314;1254;3;5;0;80;14;2;3;8;7;1;0;0;0;0;0;0;0;0;0
1334;100;15;3;4774;1131;1;0;0;80;8;2;2;7;6;0;1;0;0;0;0;0;0;0;1
1335;50;19;4;3902;835;2;8;0;80;7;2;3;2;2;0;1;0;0;0;0;0;0;0;1
1336;50;2;4;2662;836;1;8;0;80;19;2;4;5;2;0;1;0;0;0;0;0;0;0;1
1337;50;3;3;2856;1172;1;1;0;80;1;3;3;1;0;0;0;0;1;0;0;0;0;0;0
1338;50;9;3;1081;945;1;1;0;80;1;3;2;1;0;0;0;0;1;0;0;0;0;0;0
1339;50;7;1;2472;391;1;1;1;80;1;2;3;1;0;0;1;0;0;0;0;0;0;0;1
1340;50;10;4;5673;1266;2;1;1;80;10;4;3;10;9;1;0;0;0;0;0;0;0;0;0
1341;50;20;3;4197;311;2;1;0;80;10;2;3;10;8;0;1;0;0;0;0;0;1;0;0
1342;50;4;3;9713;1480;3;2;1;80;9;3;3;5;3;1;0;0;0;0;0;0;0;0;0
1343;50;7;3;2062;592;1;3;0;80;11;2;3;3;2;0;1;0;0;0;0;0;1;0;0
1344;50;7;4;4284;783;2;5;1;80;16;2;3;5;3;0;1;0;0;0;0;0;0;0;1
1345;50;16;2;4788;219;2;0;1;80;4;2;3;3;2;0;1;0;0;0;0;0;0;1;0
1346;50;25;2;5906;556;2;0;0;80;10;2;2;9;8;0;1;0;0;0;0;0;0;1;0
1347;100;2;1;3886;1213;2;1;0;80;10;2;2;10;1;0;0;1;0;0;0;0;0;0;0
1348;50;1;4;16823;1137;4;2;0;80;22;3;3;19;7;0;1;0;0;0;0;1;0;0;0
1349;50;1;2;2933;482;1;1;1;80;1;3;2;1;0;0;1;0;0;0;0;0;0;0;1
1350;50;2;2;6500;511;2;0;0;80;9;5;2;8;7;1;0;0;0;0;0;0;0;0;0
1351;100;22;3;17174;117;4;3;0;80;24;3;3;22;17;0;1;0;0;0;0;1;0;0;0
1352;50;1;4;5033;170;2;2;0;80;10;5;3;2;0;0;1;0;0;0;1;0;0;0;0
1353;0;16;4;2307;967;1;1;1;80;5;2;3;5;2;0;1;0;0;0;0;0;0;0;1
1354;50;24;2;2587;1162;1;1;0;80;5;3;3;4;2;0;1;0;0;0;0;0;1;0;0
1355;50;17;2;5507;335;2;2;0;80;12;1;1;4;2;1;0;0;0;0;0;0;0;0;0
1356;50;8;3;4393;337;2;5;0;80;14;3;3;5;4;1;0;0;0;0;0;0;0;0;0
1357;50;6;3;13348;1396;3;9;0;80;18;3;4;13;7;0;1;0;0;1;0;0;0;0;0
1358;50;10;2;6583;1079;2;2;1;80;8;2;3;5;2;1;0;0;0;0;0;0;0;0;0
1359;50;3;1;8103;735;2;3;1;80;9;3;2;4;2;1;0;0;0;0;0;0;0;0;0
1360;50;4;3;3978;471;1;8;0;80;4;0;2;2;2;0;1;0;0;0;0;0;1;0;0
1361;100;6;3;2544;1096;1;0;0;80;8;3;3;7;7;0;1;0;0;0;0;0;1;0;0
1362;100;1;4;5399;1297;2;4;0;80;12;3;3;4;2;0;1;0;0;0;1;0;0;0;0
1363;50;10;4;5487;217;2;1;0;80;10;2;2;10;4;1;0;0;0;0;0;0;0;0;0
1364;100;1;2;6834;783;2;1;1;80;7;2;3;7;7;1;0;0;0;0;0;0;0;0;0
1365;100;24;3;1091;746;1;1;0;80;1;3;3;1;0;0;0;0;1;0;0;0;0;0;0
1366;0;21;4;5736;1251;2;6;0;80;10;1;3;3;2;1;0;0;0;0;0;0;0;0;0
1367;50;2;4;2226;1354;1;1;0;80;6;3;2;5;3;0;1;0;0;0;0;0;0;0;1
1368;100;22;4;5747;735;2;1;1;80;16;3;3;15;10;0;1;0;0;0;0;0;0;0;1
1369;50;13;2;9854;1475;2;3;1;80;6;0;3;2;0;1;0;0;0;0;0;0;0;0;0
1370;0;14;4;5467;1169;2;8;0;80;16;4;4;8;7;0;1;0;0;0;0;0;0;0;1
1371;50;11;5;5380;1443;2;4;0;80;6;3;3;0;0;1;0;0;0;0;0;0;0;0;0
1372;50;9;2;5151;867;2;1;0;80;10;3;3;10;0;0;1;0;0;0;0;0;0;1;0
1373;100;8;3;2133;1394;2;1;1;80;20;3;3;20;11;0;1;0;0;0;0;0;0;0;1
1374;50;21;3;17875;605;4;4;1;80;29;2;2;1;0;0;0;0;0;0;0;1;0;0;0
1375;100;5;2;2432;238;1;3;1;80;8;2;3;4;1;0;1;0;0;0;0;0;0;0;1
1376;50;9;2;4771;1206;1;2;0;80;10;0;4;5;2;0;1;0;0;0;0;0;0;0;1
1377;100;2;1;19161;1064;5;3;0;80;28;3;3;5;4;0;1;0;0;1;0;0;0;0;0
1378;50;12;4;5087;419;2;3;1;80;14;4;3;0;0;1;0;0;0;0;0;0;0;0;0
1379;100;22;3;2863;1337;1;1;0;80;1;2;3;1;0;0;0;1;0;0;0;0;0;0;0
1380;50;18;4;5561;682;2;0;0;80;6;2;1;5;3;1;0;0;0;0;0;0;0;0;0
1381;0;16;3;2144;1103;1;1;0;80;5;3;2;5;3;0;1;0;0;0;0;0;0;0;1
1382;0;3;2;3065;976;1;1;1;80;4;3;4;4;2;0;1;0;0;0;0;0;0;0;1
1383;0;9;4;2810;1351;1;1;0;80;5;3;3;5;4;0;1;0;0;0;0;0;1;0;0
1384;50;1;3;9888;937;3;1;0;80;14;3;2;14;8;1;0;0;0;0;0;0;0;0;0
1385;50;13;4;8628;1239;3;1;0;80;9;2;2;8;7;1;0;0;0;0;0;0;0;0;0
1386;50;1;3;2867;157;1;0;0;80;8;6;2;7;7;0;1;0;0;0;0;0;1;0;0
1387;50;1;3;5373;136;2;0;0;80;6;5;2;5;3;0;1;0;0;0;1;0;0;0;0
1388;0;15;4;6667;1146;2;5;0;80;9;6;3;5;1;0;1;0;0;0;1;0;0;0;0
1389;100;1;3;5003;1125;2;1;0;80;10;6;3;10;8;0;1;0;0;0;0;0;0;0;1
1390;50;17;3;2367;1404;1;5;0;80;6;2;2;4;1;0;1;0;0;0;0;0;1;0;0
1391;50;1;3;2858;1404;1;4;0;80;20;3;2;1;0;0;0;0;1;0;0;0;0;0;0
1392;50;7;4;5204;1224;2;1;1;80;10;2;3;10;8;1;0;0;0;0;0;0;0;0;0
1393;50;9;3;4105;954;2;1;0;80;7;5;3;7;7;1;0;0;0;0;0;0;0;0;0
1394;50;5;4;9679;1373;2;8;0;80;8;1;3;1;0;0;1;0;0;0;0;0;0;1;0
1395;100;26;4;5617;754;2;1;1;80;10;4;3;10;7;1;0;0;0;0;0;0;0;0;0
1396;50;24;4;10448;1168;3;6;1;80;15;2;2;2;2;1;0;0;0;0;0;0;0;0;0
1397;50;9;2;2897;155;2;3;0;80;9;6;2;4;3;0;1;0;0;0;0;0;0;0;1
1398;100;7;2;5968;1303;2;1;0;80;9;2;3;9;7;0;1;0;0;0;1;0;0;0;0
1399;50;11;3;7510;574;3;1;0;80;10;1;3;10;9;0;1;0;0;0;1;0;0;0;0
1400;100;1;4;2991;1444;1;0;1;80;7;2;3;6;2;0;0;1;0;0;0;0;0;0;0
1401;50;26;4;19636;189;5;4;1;80;35;0;3;10;9;0;0;0;0;0;0;1;0;0;0
1402;50;2;1;1129;1276;1;1;1;80;1;4;3;1;0;0;1;0;0;0;0;0;1;0;0
1403;50;15;4;13341;119;4;0;0;80;21;3;3;20;8;1;0;0;0;0;0;0;0;0;0
1404;0;23;2;4332;335;2;1;0;80;20;2;3;20;9;0;1;0;0;0;0;0;0;0;1
1405;0;10;3;11031;697;3;4;0;80;13;2;4;11;7;0;1;0;0;1;0;0;0;0;0
1406;50;10;3;4440;157;2;6;1;80;9;3;3;5;2;0;1;0;0;0;0;0;0;1;0
1407;50;1;2;4617;771;2;1;0;80;4;2;2;4;3;0;1;0;0;0;1;0;0;0;0
1408;50;12;2;2647;571;1;1;0;80;5;6;4;5;2;0;1;0;0;0;0;0;1;0;0
1409;100;11;3;6323;692;2;1;0;80;10;2;4;10;9;0;1;0;0;0;0;0;1;0;0
1410;50;2;2;5677;444;2;3;0;80;15;4;3;11;8;1;0;0;0;0;0;0;0;0;0
1411;50;2;3;2187;309;1;4;0;80;6;3;3;2;0;0;0;1;0;0;0;0;0;0;0
1412;50;1;2;3748;911;1;1;0;80;12;6;2;12;8;0;1;0;0;0;0;0;1;0;0
1413;50;2;1;3977;977;1;6;1;80;7;2;2;2;2;0;1;0;0;0;0;0;1;0;0
1414;50;25;3;8633;1180;3;2;0;80;25;3;3;17;14;0;1;0;0;0;1;0;0;0;0
1415;0;1;2;2008;1313;1;1;0;80;1;2;2;1;1;0;1;0;0;0;0;0;1;0;0
1416;50;1;4;4440;1321;2;0;0;80;16;3;3;15;13;1;0;0;0;0;0;0;0;0;0
1417;50;2;2;3067;1154;1;0;0;80;3;1;3;2;2;0;0;0;1;0;0;0;0;0;0
1418;100;6;4;5321;508;2;2;0;80;10;1;3;8;3;0;1;0;0;0;0;0;0;1;0
1419;50;18;4;5410;557;2;6;1;80;9;3;2;4;3;0;1;0;0;0;0;0;0;0;1
1420;50;1;3;2782;642;1;3;0;80;12;3;3;5;3;0;1;0;0;0;0;0;0;0;1
1421;0;1;1;11957;1162;3;0;0;80;14;3;1;13;8;0;1;0;0;1;0;0;0;0;0
1422;50;11;4;2660;1490;1;7;1;80;5;3;3;2;2;0;1;0;0;0;0;0;1;0;0
1423;50;1;2;3375;581;1;0;0;80;4;2;4;3;2;0;1;0;0;0;0;0;0;0;1
1424;50;9;4;5098;1395;2;1;0;80;10;5;3;10;7;0;1;0;0;0;0;0;0;0;1
1425;50;15;2;4878;501;2;0;1;80;10;6;3;9;7;0;1;0;0;0;1;0;0;0;0
1426;50;29;4;2837;267;1;1;0;80;6;3;3;6;2;0;1;0;0;0;0;0;1;0;0
1427;50;1;4;2406;543;1;8;0;80;8;3;2;1;0;0;1;0;0;0;0;0;1;0;0
1428;50;1;4;2269;234;1;0;0;80;3;2;3;2;2;0;0;0;1;0;0;0;0;0;0
1429;50;24;1;4108;116;2;7;0;80;18;2;3;7;7;0;1;0;0;0;0;0;0;0;1
1430;50;10;3;13206;201;3;3;0;80;20;3;3;18;16;0;1;0;0;1;0;0;0;0;0
1431;50;1;4;10422;801;3;1;0;80;14;3;3;14;10;1;0;0;0;0;0;0;0;0;0
1432;50;10;3;13744;161;3;1;1;80;16;2;3;16;11;0;1;0;0;1;0;0;0;0;0
1433;50;8;2;4907;1382;2;0;1;80;6;3;2;5;3;1;0;0;0;0;0;0;0;0;0
1434;0;29;4;3482;585;1;2;0;80;16;3;2;9;8;0;0;0;1;0;0;0;0;0;0
1435;50;1;3;2436;1037;1;6;1;80;6;2;3;4;3;0;1;0;0;0;0;0;0;0;1
1436;50;5;1;2380;501;1;1;1;80;2;6;3;2;2;0;0;0;1;0;0;0;0;0;0
1437;0;9;3;19431;105;5;2;0;80;21;3;2;6;0;0;1;0;0;0;0;1;0;0;0
1438;100;9;3;1790;638;1;1;0;80;1;3;2;1;0;0;0;0;1;0;0;0;0;0;0
1439;50;3;3;7644;557;3;0;0;80;10;2;3;9;7;1;0;0;0;0;0;0;0;0;0
1440;100;4;2;5131;688;2;7;0;80;18;3;3;4;2;0;1;0;0;0;0;0;0;1;0
1441;0;1;4;6306;667;2;1;0;80;13;2;2;13;12;0;1;0;0;0;1;0;0;0;0
1442;50;1;4;4787;1092;1;9;1;80;4;3;4;2;2;0;1;0;0;0;0;0;0;0;1
1443;50;2;3;18880;300;5;5;0;80;24;2;2;22;6;0;1;0;0;0;0;1;0;0;0
1444;50;7;2;2339;310;1;8;0;80;14;4;1;10;9;0;1;0;0;0;0;0;1;0;0
1445;50;28;4;13570;582;4;0;0;80;21;3;3;20;7;0;1;0;0;0;0;0;0;1;0
1446;50;28;3;6712;704;2;1;0;80;8;2;3;8;7;1;0;0;0;0;0;0;0;0;0
1447;0;15;4;5406;301;2;1;0;80;15;4;2;15;12;1;0;0;0;0;0;0;0;0;0
1448;50;3;3;8938;930;2;2;0;80;14;5;3;5;4;1;0;0;0;0;0;0;0;0;0
1449;50;2;3;2439;529;1;1;0;80;4;4;3;4;2;0;1;0;0;0;0;0;0;0;1
1450;50;26;4;8837;1146;3;1;1;80;9;2;3;9;0;0;0;1;0;0;0;0;0;0;0
1451;50;10;2;5343;345;2;1;0;80;10;1;3;10;7;1;0;0;0;0;0;0;0;0;0
1452;100;1;4;6728;878;2;7;0;80;12;3;3;6;3;1;0;0;0;0;0;0;0;0;0
1453;50;11;4;6652;1120;2;4;0;80;8;2;2;6;3;1;0;0;0;0;0;0;0;0;0
1454;50;20;3;4850;374;2;8;0;80;8;3;3;5;3;1;0;0;0;0;0;0;0;0;0
1455;50;2;4;2809;1322;1;2;0;80;8;2;3;2;2;0;1;0;0;0;0;0;0;0;1
1456;100;18;4;5689;1199;2;1;1;80;10;2;4;10;2;0;1;0;0;0;1;0;0;0;0
1457;50;2;4;2001;1194;1;2;0;80;20;2;3;5;3;0;1;0;0;0;0;0;0;0;1
1458;50;1;4;2977;287;1;1;0;80;4;5;3;4;3;0;1;0;0;0;0;0;0;0;1
1459;50;13;2;4025;1378;2;4;1;80;10;2;3;4;3;0;1;0;0;0;0;0;1;0;0
1460;50;28;4;3785;468;1;1;0;80;5;3;1;5;4;0;1;0;0;0;0;0;0;0;1
1461;50;28;3;10854;410;3;4;1;80;20;3;3;3;2;1;0;0;0;0;0;0;0;0;0
1462;50;24;1;12031;722;4;0;0;80;21;2;2;20;9;1;0;0;0;0;0;0;0;0;0
1463;0;5;3;9936;325;2;0;0;80;10;2;3;9;4;0;1;0;0;0;0;0;0;1;0
1464;50;5;3;2966;1167;1;0;0;80;5;2;3;4;2;0;0;0;1;0;0;0;0;0;0
1465;100;23;2;2571;884;2;4;0;80;17;3;3;5;2;0;1;0;0;0;0;0;1;0;0
1466;50;6;1;9991;613;3;4;0;80;9;5;3;7;7;0;1;0;0;0;1;0;0;0;0
1467;50;4;3;6142;155;2;1;1;80;6;0;3;6;2;0;1;0;0;0;0;0;0;1;0
1468;100;2;3;5390;1023;2;2;0;80;17;3;2;9;6;1;0;0;0;0;0;0;0;0;0
1469;50;8;3;4404;628;2;2;0;80;6;3;4;4;3;0;1;0;0;0;0;0;1;0;0
